session_idx,mouse,group,sex,day,date,n_irts,pi_0,pi_1,pi_2,pi_3,pi_4
0,649-L,naive,F,7,240312,207,0.040201914,0.009025599,0.046065252,0.45551002,0.44919723
1,819-L,stress,M,5,250904,382,0.123525135,0.09096715,0.17278245,0.41769636,0.19502883
2,649-L,naive,F,6,240311,413,0.0132036265,0.0014897955,0.25215212,0.6273716,0.10578292
3,647-0,naive,M,11,240318,395,0.12087259,0.021584732,0.40832528,0.21195406,0.23726334
4,723-0,stress,M,11,241206,688,0.2044966,0.1472952,0.4645482,0.0902218,0.09343818
5,723-R,stress,M,8,241130,709,0.04642265,9.999997e-07,0.658483,0.29509228,9.999997e-07
6,491-1,naive,F,7,220804,514,0.3109395,0.24495766,0.054854125,0.29234535,0.0969034
7,489-1,naive,M,12,220810,100,0.068031855,0.0286214,0.11503934,0.061989244,0.7263182
8,820-0,stress,F,5,250903,186,0.19280522,0.04918287,0.18086237,0.14473905,0.4324105
9,579-2,naive,F,5,230711,343,0.07270098,0.38581803,0.24850406,1.4883847e-05,0.29296207
10,493-1,naive,F,11,220808,193,0.25769722,9.999999e-07,0.08746152,0.07271017,0.5821301
11,722-RL,naive,F,12,241206,164,0.052278973,0.08056796,0.0012512073,0.34014264,0.5257592
12,723-L,stress,M,5,241127,215,0.017454028,0.10544804,0.18566288,0.0036882411,0.6877468
13,498-2,stress,M,9,220807,542,0.21312007,0.045912698,0.2959564,0.4396284,0.0053825057
14,646-0,stress,M,6,240311,1245,0.15364501,0.4114471,0.18265444,0.2522525,9.999997e-07
15,578.1-2,naive,F,6,230713,795,0.10462397,0.4492771,0.1889434,0.1900705,0.067085005
16,578.1-1,naive,F,9,230716,125,0.18017414,0.033876,0.04569316,0.11544145,0.6248153
17,578-1,stress,F,6,230710,973,0.028662406,0.52614397,0.34581497,0.011529419,0.08784924
18,489-2,naive,M,12,220807,690,0.37896574,0.021543616,0.21417858,0.31306627,0.07224572
19,647-L,stress,M,4,240306,874,0.18191557,0.2978786,0.23553158,0.28467324,9.999995e-07
20,489-2,naive,M,9,220804,552,0.25765175,0.048862986,0.12236209,0.5111508,0.059972484
21,644-R,stress,M,11,240318,894,0.0043009575,0.15181305,0.5879403,0.25594482,9.999999e-07
22,500-3,stress,F,10,220806,266,0.14487636,0.11010573,0.04001598,0.274943,0.43005893
23,500-3,stress,F,12,220808,393,0.14532319,0.092698716,0.063512556,0.5313406,0.16712497
24,500-1,stress,F,5,220801,569,0.45310935,9.999997e-07,0.07498697,0.3621104,0.10979235
25,498-2,stress,M,1,220729,334,0.19373362,0.1450327,0.18664609,0.19389328,0.2806944
26,498-1,stress,M,6,220802,591,0.34930566,0.17876029,0.23051094,0.12193297,0.11949013
27,722-RL,naive,F,7,241129,402,0.061666865,0.3296228,0.041380003,0.4802224,0.08710792
28,578-2,stress,F,5,230712,826,0.25398064,0.36260292,0.19188513,0.10442014,0.08711117
29,579-2,naive,F,3,230707,541,0.038232025,0.53341496,0.18859027,0.07149697,0.16826577
30,489-1,naive,M,5,220803,265,0.09246935,0.20281664,0.16058356,0.05026426,0.4938662
31,500-2,stress,F,2,220728,347,0.22809948,0.1329027,0.13064858,0.33005178,0.17829745
32,819-L,stress,M,6,250905,627,0.15848796,0.2870239,0.15319386,0.29671413,0.104580246
33,578-1,stress,F,8,230712,545,0.025289876,0.5723169,0.23205046,0.0058245077,0.1645183
34,649-R,naive,F,5,240307,467,0.010459111,0.15438324,0.25481993,0.4755042,0.1048335
35,498-3,stress,M,12,220809,489,0.14640771,0.33995676,0.1646575,0.19320814,0.1557699
36,645-L,naive,M,3,240304,1117,0.28166747,0.25846872,0.263079,0.1872219,0.009563032
37,822-0,naive,F,6,250905,504,0.059467223,0.33037326,0.13815582,0.4225613,0.0494424
38,822-0,naive,F,7,250908,241,0.01679513,0.26665273,0.040531334,0.42260587,0.25341496
39,578.1-2,naive,F,5,230712,661,0.063228294,0.42891032,0.29576537,0.0915961,0.12049997
40,649-R,naive,F,4,240306,564,0.007541339,0.2556383,0.48105466,0.14391296,0.11185284
41,646-L,stress,M,13,240320,434,0.05933085,0.15679543,0.27330062,0.3801573,0.13041581
42,649-L,naive,F,9,240316,193,0.0053628394,9.999995e-07,0.09846634,0.32384482,0.572325
43,500-3,stress,F,4,220731,602,0.16357063,0.32919762,0.19209272,0.20940992,0.10572919
44,649-0,naive,F,5,240307,724,0.0060215136,0.41469216,0.1442683,0.43501702,9.999997e-07
45,821-L,naive,M,7,250908,534,0.052229624,9.999998e-07,0.49198896,0.34692913,0.10885123
46,645-R,naive,M,6,240311,1052,0.06436269,0.4899876,0.09704806,0.34860063,9.999995e-07
47,725-RL,stress,F,3,241126,139,0.029389603,0.38038912,0.11490637,9.999997e-07,0.47531384
48,728-L,naive,M,8,241203,656,0.25117362,0.11109464,0.17349663,0.45998922,0.0042458964
49,499-3,stress,M,10,220806,452,0.18063036,0.17961352,0.03703697,0.51398134,0.088737845
50,501-2,stress,F,2,220729,947,0.10579648,0.4336329,0.16515273,0.29526877,0.00014911334
51,498-1,stress,M,3,220730,968,0.30455393,0.21765913,0.2887885,0.13131435,0.057684172
52,493-2,naive,F,7,220805,296,0.16818121,0.05829958,0.030667646,0.361633,0.38121852
53,723-L,stress,M,9,241203,1091,0.040965803,0.48893076,0.18627338,0.28382912,9.999997e-07
54,500-1,stress,F,3,220730,493,0.46026468,9.999999e-07,0.16891302,0.17303608,0.19778527
55,578-1,stress,F,12,230716,1488,0.104644194,0.5996739,0.16547643,0.113440044,0.01676542
56,578.1-1,naive,F,14,230721,123,0.2663419,1.2612041e-06,0.12679715,0.08177583,0.5250839
57,646-L,stress,M,9,240316,349,0.04977813,0.16393144,0.08048766,0.47754556,0.22825727
58,819-R,stress,M,13,250915,881,0.35545108,0.21725926,0.123285204,0.3038465,0.00015802478
59,723-L,stress,M,1,241119,649,9.999998e-07,0.41843015,0.09370427,0.45116884,0.036695715
60,646-0,stress,M,2,240229,649,0.040861394,0.4407313,0.13991155,0.2879454,0.090550356
61,579.1-2,naive,F,14,230720,509,0.26168707,0.091937564,0.1664293,0.36487907,0.11506708
62,649-L,naive,F,8,240313,644,0.016018301,0.067861065,0.50163007,0.37735075,0.037139814
63,725-L,stress,F,8,241203,440,0.12824835,0.34863827,0.20072033,0.14536543,0.17702763
64,821-0,naive,M,13,250918,252,0.09842393,0.13744865,0.06724551,0.46388534,0.23299658
65,723-L,stress,M,4,241126,950,0.07145923,0.47448692,0.096242264,0.35781032,1.1578086e-06
66,647-L,stress,M,7,240312,459,0.11775905,0.1586285,0.05696397,0.55729073,0.109357744
67,725-R,stress,F,1,241122,318,0.06486502,0.2297269,0.23859107,0.23571259,0.23110442
68,649-L,naive,F,3,240304,402,0.0120895635,0.032372948,0.32375002,0.4997467,0.13204075
69,723-R,stress,M,3,241122,1147,0.04824799,0.41506103,0.4553105,0.08137524,5.2413193e-06
70,723-0,stress,M,9,241203,360,0.072593965,0.01722943,0.3953737,0.36140534,0.15339758
71,498-3,stress,M,4,220801,1231,0.09641653,0.4383616,0.30556014,0.13402806,0.025633674
72,498-3,stress,M,1,220728,826,0.28419584,0.31206954,0.16723625,0.13633272,0.10016566
73,728-0,naive,M,10,241206,397,0.016886404,0.14760002,0.170342,0.5023519,0.16281973
74,728-L,naive,M,7,241130,105,0.18727967,9.999991e-07,9.999991e-07,9.999991e-07,0.8127174
75,580.1-1,naive,M,10,230717,1140,0.094794996,0.593845,0.13670179,0.14042269,0.03423551
76,499-3,stress,M,12,220808,450,0.17567499,0.19502072,0.07916513,0.4618612,0.088278025
77,491-2,naive,F,6,220802,240,0.097101204,0.04404866,0.28722283,0.119441114,0.4521862
78,493-2,naive,F,3,220801,511,0.20284307,0.2601565,0.14210556,0.23112166,0.16377321
79,501-1,stress,F,6,220802,500,0.137986,0.11197707,0.24723664,0.39105088,0.11174941
80,646-0,stress,M,14,240321,782,0.16419624,0.17472054,0.17570087,0.48538134,9.999995e-07
81,728-R,naive,M,11,241206,448,0.091535196,9.999998e-07,0.472613,0.32806632,0.107784525
82,580-1,stress,M,14,230718,466,0.082197376,9.076577e-06,0.05062368,0.8669299,0.00024004423
83,722-L,naive,F,9,241203,1037,0.29053643,0.28997034,0.27678347,0.059851024,0.08285873
84,647-0,naive,M,1,240228,579,0.37228855,9.999998e-07,0.4796723,0.00017598554,0.14786212
85,500-2,stress,F,8,220804,720,0.19747901,0.1503941,0.25722858,0.36332783,0.031570464
86,580.1-1,naive,M,4,230711,874,0.0574006,0.49356574,0.29626602,0.06380124,0.08896641
87,493-2,naive,F,10,220808,162,0.06992971,0.004448054,9.999997e-07,0.115422815,0.81019837
88,644-L,stress,M,9,240321,279,0.22798724,9.999998e-07,0.22980598,0.1999246,0.3422812
89,723-R,stress,M,11,241205,548,0.0442038,9.999994e-07,0.5714368,0.35534024,0.029018098
90,498-2,stress,M,8,220806,292,0.2544039,1e-06,0.15200552,0.28923807,0.30435154
91,725-0,stress,M,4,241127,300,0.08243771,0.43562764,0.027304236,0.14282541,0.31180498
92,501-1,stress,F,9,220805,678,0.15974967,0.086116835,0.26616395,0.48796853,9.999998e-07
93,491-1,naive,F,5,220802,602,0.16013266,0.28459573,0.17059863,0.33922252,0.04545053
94,649-R,naive,F,11,240318,260,0.015087991,0.07938786,0.07055533,0.5753309,0.2596379
95,579.1-1,stress,F,7,230712,563,0.15912455,0.20927064,0.0758926,0.49023265,0.06547954
96,648-R,stress,F,12,240319,118,9.999993e-07,0.04449783,0.306307,9.945781e-06,0.6491842
97,489-1,naive,M,7,220805,541,0.12736906,0.2528108,0.19151974,0.3327433,0.095557116
98,498-2,stress,M,10,220808,552,0.318281,0.059650533,0.10025075,0.49108368,0.03073405
99,647-L,stress,M,13,240320,970,0.07818793,0.35378966,0.29758766,0.27043375,9.999995e-07
100,648-0,stress,F,11,240318,162,0.060151704,9.999999e-07,0.26566184,0.05813338,0.6160521
101,646-0,stress,M,4,240306,884,0.06625753,0.42196578,0.2756983,0.19797798,0.038100302
102,722-RL,naive,F,1,241119,616,0.12819642,0.35518554,0.29144844,0.07230381,0.15286577
103,821-L,naive,M,5,250904,282,0.051603653,0.0073647974,0.27803823,0.38621902,0.2767743
104,725-L,stress,F,1,241120,183,0.056085605,0.27756003,0.30977938,9.999999e-07,0.35657397
105,579.1-2,naive,F,12,230718,487,0.25683835,0.07770183,0.08765651,0.47712058,0.100682706
106,580.1-1,naive,M,11,230718,526,0.089994125,0.24050067,7.7452525e-05,0.6255208,0.043906946
107,501-2,stress,F,3,220731,957,0.0872915,0.4843966,0.2823503,0.09712843,0.04883316
108,489-2,naive,M,7,220802,326,0.22004725,1e-06,0.12429888,0.35651737,0.29913557
109,728-0,naive,M,10,241205,311,0.042204972,0.18649448,0.17234471,0.39551786,0.20343797
110,723-0,stress,M,11,241205,512,0.06935349,0.0591512,0.5767099,0.1697505,0.12503487
111,489-3,naive,M,5,220801,315,0.10665258,0.12849143,0.21605653,0.29014152,0.25865796
112,645-R,naive,M,5,240307,940,0.07039183,0.607982,0.0023881304,0.30732656,0.011911509
113,821-0,naive,M,11,250916,356,0.12984076,0.20218657,0.010443715,0.4896233,0.16790567
114,500-2,stress,F,4,220731,637,0.0798611,0.3958276,0.26614863,0.15451045,0.10365225
115,725-0,stress,M,2,241121,204,0.15448831,0.19918996,0.13578399,0.11692658,0.39361122
116,498-1,stress,M,2,220728,740,0.27438045,0.23311362,0.20640154,0.22218478,0.06391961
117,645-L,naive,M,8,240313,1597,0.2902573,0.42257124,0.23401928,0.05065999,0.0024921885
118,499-1,stress,M,6,220801,665,0.3629879,0.08970507,0.22547327,0.19878444,0.12304932
119,822-0,naive,F,8,250909,574,0.04885991,0.3161958,0.17742595,0.40072307,0.05679518
120,728-0,naive,M,13,241210,138,0.016487896,0.038156547,0.0454757,9.030533e-05,0.8997896
121,499-3,stress,M,11,220807,629,0.1703934,0.20446545,0.094584905,0.5300448,0.00051145186
122,821-R,naive,M,9,250912,568,0.03660863,0.3924447,0.28733975,0.13319051,0.15041642
123,728-L,naive,M,2,241121,291,0.17041743,0.045519583,0.09935453,0.3393459,0.34536254
124,578-2,stress,F,13,230720,1281,0.33317688,0.34043828,0.1350053,0.18124351,0.010136049
125,645-R,naive,M,9,240316,774,0.040641613,0.50322056,9.999997e-07,0.45613584,9.999997e-07
126,498-3,stress,M,5,220802,543,0.07924224,0.23832747,0.2559625,0.3415262,0.08494154
127,501-2,stress,F,5,220802,1023,0.31953287,0.32824385,0.099279046,0.24364696,0.009297339
128,489-3,naive,M,2,220728,219,0.071523346,0.025596589,0.25328717,0.19286406,0.45672882
129,500-1,stress,F,9,220805,641,0.34786803,9.999995e-07,0.13835508,0.47935003,0.0344259
130,722-0,naive,F,8,241130,1190,0.0471643,0.15221448,0.7013187,0.09765197,0.0016506276
131,499-3,stress,M,9,220805,478,0.21248832,0.2605118,0.03242841,0.37665495,0.11791656
132,722-T,naive,F,1,241119,411,0.040014267,0.24609871,0.248951,0.29641348,0.1685225
133,645-0,naive,M,2,240229,574,0.05458055,0.64007413,0.17731442,0.05443205,0.07359883
134,645-0,naive,M,9,240316,368,0.06514189,0.32560438,0.111292996,0.25796703,0.23999374
135,498-3,stress,M,2,220729,997,0.12700942,0.4217362,0.26171342,0.14337507,0.04616595
136,645-R,naive,M,3,240304,1264,0.09327054,0.62315553,0.10296398,0.16527298,0.015337007
137,578-1,stress,F,5,230707,341,0.100076,0.2302541,0.3389183,0.113167614,0.21758398
138,489-2,naive,M,3,220729,274,0.067201994,0.18376824,0.06771266,0.2973721,0.38394502
139,648-L,stress,F,1,240228,537,0.028761305,0.19988,0.50700676,0.041457456,0.22289446
140,722-RL,naive,F,10,241204,295,0.17246272,0.08437279,0.09908153,0.36298978,0.28109318
141,501-2,stress,F,1,220728,394,0.04425976,0.27369204,0.07464398,0.4030238,0.20438042
142,578-2,stress,F,10,230717,1196,0.30438703,0.39688438,0.12246835,0.13147196,0.044788282
143,822-0,naive,F,13,250916,833,0.0596645,0.4508443,0.13099194,0.35647932,0.0020199742
144,499-2,stress,M,10,220807,1362,0.117821775,0.62412417,0.13369557,0.08254126,0.041817304
145,821-R,naive,M,11,250916,417,0.015811162,0.31114995,0.22123861,0.24111088,0.21068943
146,725-RL,stress,F,6,241130,305,0.017388277,0.22301008,0.31224206,0.1392272,0.30813238
147,498-1,stress,M,9,220805,1105,0.30928943,0.38091245,0.15285265,0.106326774,0.050618682
148,493-2,naive,F,5,220803,229,0.075768545,0.07243876,9.999997e-07,0.28856114,0.5632306
149,646-0,stress,M,1,240228,646,0.061055172,0.45767215,0.16646878,0.2547489,0.060055032
150,822-L,naive,F,8,250909,184,0.013780292,0.103297375,0.1802498,0.064017974,0.63865453
151,723-L,stress,M,6,241128,680,0.053318206,0.49117717,0.0367121,0.36081505,0.057977382
152,489-1,naive,M,1,220729,167,0.11735758,0.041878223,0.38404787,9.999998e-07,0.45671526
153,646-0,stress,M,7,240312,804,0.14454482,0.3339873,0.124334484,0.3971324,9.999999e-07
154,646-0,stress,M,5,240307,729,0.05169077,0.38315472,0.16120823,0.36694795,0.03699824
155,820-0,stress,F,6,250904,143,0.08433626,0.071382046,0.07422376,0.07649283,0.69356513
156,646-0,stress,M,3,240304,792,0.09684656,0.32261732,0.28361988,0.25977245,0.037143808
157,723-RL,stress,M,2,241120,787,0.06909107,0.23958445,0.5701265,0.00053201907,0.12066602
158,725-RL,stress,F,12,241209,268,0.026115723,0.30867773,0.16268644,5.7710782e-05,0.50246245
159,645-L,naive,M,10,240317,1289,0.36164406,0.1579527,0.31009963,0.17030264,9.999998e-07
160,489-3,naive,M,11,220807,528,0.04390398,0.4418356,0.18823524,0.19638571,0.12963954
161,723-0,stress,M,1,241119,372,0.18912469,0.0023056203,0.557902,0.10388175,0.14678597
162,579.1-1,stress,F,9,230714,1635,0.58205026,0.13196729,0.176958,0.1090235,9.999997e-07
163,649-0,naive,F,10,240317,295,0.02099533,0.13505259,0.11619657,0.30328596,0.42446953
164,648-R,stress,F,13,240320,479,0.006297507,0.16024566,0.27342972,0.4687471,0.091280036
165,821-L,naive,M,6,250905,438,0.08454735,9.999998e-07,0.56330234,0.16520582,0.18694352
166,722-0,naive,F,13,241207,682,0.06677937,0.013324769,0.4899764,0.42991847,9.999999e-07
167,821-L,naive,M,14,250917,560,0.057266157,9.999997e-07,0.34378052,0.5668013,0.03215108
168,645-L,naive,M,7,240312,1419,0.22549574,0.27360183,0.4565876,0.044313814,9.999998e-07
169,646-0,stress,M,10,240317,345,0.1071894,0.07748154,0.105512306,0.5188646,0.19095218
170,728-L,naive,M,11,241206,594,0.1592708,0.06806697,0.22475278,0.5476585,0.00025102077
171,578-2,stress,F,8,230715,1000,0.19458696,0.49879706,0.15599509,0.093431935,0.057188958
172,500-2,stress,F,5,220801,1025,0.26196343,0.31549627,0.18104257,0.23267336,0.008824408
173,578-2,stress,F,9,230716,887,0.1576495,0.32934427,0.15443869,0.34003618,0.018531365
174,489-1,naive,M,11,220809,172,0.026857533,0.13037226,0.18725306,0.00338624,0.65213096
175,821-0,naive,M,8,250911,235,0.09406265,0.15952684,0.10016559,0.052648887,0.59359604
176,489-3,naive,M,4,220731,498,0.10142608,0.10678484,0.2574582,0.44352183,0.09080904
177,489-2,naive,M,5,220731,408,0.21281755,0.099894255,0.14729749,0.39148203,0.14850868
178,728-L,naive,M,9,241204,668,0.1955682,0.103769,0.24190353,0.45773527,0.0010240144
179,645-L,naive,M,14,240321,1405,0.39197436,0.12273652,0.30312103,0.18097381,0.0011943689
180,722-RL,naive,F,6,241128,350,0.081846446,0.22530444,0.12776388,0.34386984,0.22121538
181,489-2,naive,M,11,220806,537,0.31112757,0.007423368,0.15283778,0.43096906,0.09764221
182,578-1,stress,F,7,230711,857,0.07914678,0.56802756,0.1790174,0.08546697,0.08834127
183,493-2,naive,F,9,220807,280,0.16900334,0.111760326,0.0012772245,0.3420466,0.37591252
184,648-R,stress,F,10,240317,234,0.003379079,0.010422748,0.10912273,0.47678703,0.40028837
185,822-0,naive,F,11,250912,455,0.051140454,0.26235497,0.14975935,0.45311365,0.083631605
186,501-2,stress,F,6,220803,467,0.21288395,0.24473658,0.09862621,0.26487884,0.17887442
187,579.1-2,naive,F,5,230711,292,0.20384249,0.18982853,0.049832415,0.24978678,0.30670986
188,722-L,naive,F,6,241128,1230,0.3604773,0.37055695,0.17791821,0.009269989,0.081777535
189,728-0,naive,M,1,241120,415,0.08944025,0.28883895,0.11921786,0.27832013,0.22418278
190,500-2,stress,F,3,220730,590,0.09537655,0.23950121,0.31980053,0.28565332,0.059668396
191,644-R,stress,M,7,240312,651,0.039290648,0.2306411,0.32698214,0.3575888,0.04549732
192,645-0,naive,M,1,240228,117,0.1373621,0.092695735,0.3298599,9.999998e-07,0.44008124
193,649-0,naive,F,6,240311,428,0.028015481,0.15128353,0.118761286,0.62983334,0.07210639
194,645-0,naive,M,8,240313,520,0.061576236,0.31849653,0.27210718,0.1914403,0.15637974
195,725-0,stress,M,11,241206,280,0.17410257,0.26407117,0.10352536,0.18226701,0.27603388
196,822-0,naive,F,3,250901,412,0.0043894313,0.21548273,0.29914927,0.29164425,0.18933429
197,644-0,naive,M,9,240317,243,0.29715118,0.045937363,0.14268948,9.999998e-07,0.5142209
198,723-R,stress,M,5,241127,899,0.09668349,0.08819758,0.5657636,0.24935438,9.999997e-07
199,644-0,naive,M,11,240319,167,0.15272453,0.22574247,0.027054459,0.07184815,0.5226304
200,648-0,stress,F,3,240304,423,0.0177525,0.13983347,0.35336384,0.24665551,0.2423947
201,725-L,stress,F,14,241210,238,0.08708275,0.28640726,0.11391183,0.07752654,0.43507168
202,819-L,stress,M,10,250911,487,0.16875592,0.22228266,0.111414164,0.38474578,0.11280152
203,499-3,stress,M,4,220731,496,0.14462477,0.3521596,0.1731687,0.13235824,0.19768876
204,649-0,naive,F,14,240321,355,7.703389e-06,0.11101346,0.121756144,0.758975,0.008247663
205,722-RL,naive,F,2,241120,1290,0.29427642,0.3985271,0.19200696,0.07732455,0.037864864
206,649-0,naive,F,2,240229,826,0.0049951226,0.45085427,0.20784438,0.33630353,2.6261316e-06
207,493-2,naive,F,6,220804,337,0.17051987,0.11854135,0.06996466,0.38095695,0.26001725
208,579.1-1,stress,F,14,230719,2320,0.7379339,0.034191977,0.14797075,0.079902425,9.999997e-07
209,498-2,stress,M,2,220730,313,0.29641804,0.13164082,0.103947975,0.16240983,0.30558333
210,645-L,naive,M,11,240318,1292,0.19222113,0.09661225,0.64215034,0.069015265,9.999994e-07
211,819-R,stress,M,8,250908,1692,0.3294013,0.35224313,0.20721321,0.11114132,9.999995e-07
212,649-0,naive,F,1,240228,649,0.032510225,0.27461275,0.32170618,0.2653182,0.105852544
213,821-R,naive,M,3,250904,275,0.03433772,0.21477509,0.31900078,1.9431525e-05,0.431867
214,578-1,stress,F,4,230706,483,0.096656576,0.11777367,0.54245704,0.07194377,0.17116897
215,493-1,naive,F,6,220803,662,0.1870177,0.21542321,0.27436605,0.24203545,0.08115761
216,728-R,naive,M,3,241126,204,0.045634996,0.23920293,0.14544044,0.13288298,0.43683863
217,493-2,naive,F,11,220809,319,0.1300271,0.099160515,9.999999e-07,0.4664481,0.30436328
218,491-2,naive,F,9,220805,266,0.08398532,0.09836552,0.35259715,0.09984463,0.36520737
219,725-R,stress,F,9,241206,267,0.048487432,0.086371586,0.20020325,0.27785158,0.38708615
220,820-R,stress,F,10,250915,440,0.081587255,0.2492603,0.21070954,0.30001038,0.15843253
221,499-3,stress,M,1,220727,460,0.37869594,0.14415602,0.18530929,0.08114356,0.2106952
222,647-L,stress,M,5,240307,553,0.15789802,0.25185537,0.017175635,0.49616152,0.076909445
223,646-0,stress,M,9,240316,601,0.09285624,0.2612409,0.09393409,0.5519678,9.999999e-07
224,489-1,naive,M,8,220806,204,0.05661343,0.051580112,0.18781821,0.07140865,0.63257957
225,491-2,naive,F,5,220801,498,0.09100847,0.16133298,0.40828735,0.16522078,0.17415039
226,500-1,stress,F,12,220808,877,0.49402723,9.999991e-07,0.1684888,0.33748195,9.999991e-07
227,645-L,naive,M,13,240320,1174,0.19296257,0.14654966,0.5469724,0.11351436,9.999995e-07
228,723-0,stress,M,2,241120,634,0.2118902,0.07571161,0.44068846,0.21342437,0.058285344
229,500-3,stress,F,1,220727,445,0.18916306,0.29998583,0.17288655,0.1378276,0.20013693
230,498-1,stress,M,12,220808,682,0.15451728,0.31534067,0.27324128,0.19207345,0.064827405
231,579.1-1,stress,F,11,230716,2982,0.8411459,2.7797216e-06,0.12800415,0.030846214,9.999997e-07
232,819-L,stress,M,13,250916,534,0.109054975,0.14330617,0.190134,0.5255571,0.031947676
233,499-2,stress,M,7,220804,954,0.07938175,0.57323164,0.15547957,0.1661508,0.025756285
234,579.1-1,stress,F,10,230715,1291,0.2943694,0.27417496,0.19573563,0.235719,9.999998e-07
235,489-2,naive,M,8,220803,236,0.19997337,2.1456835e-06,0.08975461,0.303238,0.40703186
236,728-RL,naive,M,12,241207,708,0.05214006,0.17293331,0.3916062,0.3833194,9.999995e-07
237,499-1,stress,M,1,220726,415,0.20576921,0.34861585,0.15389723,0.09613547,0.1955823
238,501-2,stress,F,11,220808,1429,0.36408603,0.24050866,0.23562752,0.15977675,9.999995e-07
239,578-2,stress,F,4,230711,340,0.20612633,0.30344486,0.09769854,0.2189958,0.17373447
240,822-L,naive,F,13,250916,452,0.029540185,0.16898537,0.16172944,0.49164182,0.14810318
241,648-0,stress,F,5,240307,634,0.057028107,0.19855532,0.3781584,0.29725778,0.069000386
242,579.1-1,stress,F,4,230707,647,0.2109803,0.40495914,0.056751467,0.21969275,0.107616365
243,647-L,stress,M,11,240318,931,0.12193758,0.2894684,0.30707517,0.28151783,9.999995e-07
244,820-0,stress,F,2,250828,165,0.15966062,0.2055363,0.1551969,0.049775504,0.42983064
245,722-0,naive,F,9,241203,330,0.15025793,5.014685e-06,0.3425775,0.24783494,0.25932464
246,579-1,stress,F,7,230712,1094,0.06504839,0.7140731,0.12041342,0.019167338,0.081297755
247,498-3,stress,M,10,220807,439,0.11850967,0.30974674,0.104681246,0.27278903,0.19427332
248,725-L,stress,F,13,241209,228,0.10157371,0.30084875,0.13095643,0.09806021,0.36856088
249,725-0,stress,M,8,241203,236,0.13745682,0.21245226,0.05879313,0.22481997,0.36647782
250,821-R,naive,M,13,250918,514,0.028218133,0.29514685,0.24586049,0.30557042,0.12520412
251,491-2,naive,F,1,220727,110,0.13661894,0.0057508224,0.12433104,0.0804954,0.6528038
252,821-R,naive,M,10,250915,526,0.035925455,0.41339526,0.19354118,0.18879822,0.16833985
253,580-1,stress,M,7,230711,406,0.04624953,0.20819837,0.43968803,9.999999e-07,0.30586305
254,580.1-1,naive,M,6,230713,626,0.058175698,0.40680876,0.24322179,0.15323938,0.13855433
255,499-2,stress,M,3,220731,152,0.06147893,0.045318354,0.3813871,9.999998e-07,0.51181453
256,821-0,naive,M,7,250910,179,0.12455631,0.14102893,0.023354359,0.10794482,0.60311556
257,645-R,naive,M,10,240317,720,0.00254149,0.3484188,0.12891474,0.520124,9.999997e-07
258,489-1,naive,M,4,220802,933,0.16599916,0.49419206,0.13181017,0.14732082,0.06067776
259,821-R,naive,M,4,250905,400,0.104858704,0.2508082,0.1130089,0.2651413,0.26618287
260,723-L,stress,M,8,241130,337,0.014361166,0.40453213,0.056133237,0.12762271,0.3973508
261,648-L,stress,F,3,240304,380,0.011153303,0.30477583,0.12394128,0.30070013,0.25942948
262,649-R,naive,F,1,240228,300,0.034453977,0.22776459,0.40564227,0.0702362,0.261903
263,491-1,naive,F,3,220731,201,0.30631694,0.042527597,0.074605,1.0486607e-06,0.5765495
264,580-1,stress,M,9,230714,603,0.06382789,0.13047622,0.114849895,0.690845,9.999999e-07
265,501-1,stress,F,8,220804,399,0.14702149,0.021722065,0.17689118,0.5299743,0.12439095
266,579-1,stress,F,11,230716,1470,0.22575144,0.64282906,0.035546817,0.0551575,0.04071521
267,491-1,naive,F,9,220806,133,0.1659833,0.024196664,0.082879245,9.999998e-07,0.72693974
268,821-0,naive,M,14,250919,285,0.11771675,0.18010585,9.999998e-07,0.15343007,0.5487463
269,579-1,stress,F,8,230713,697,0.049590796,0.6242835,0.13505305,0.07557694,0.115495756
270,723-R,stress,M,1,241119,518,0.11080194,0.27306476,0.2657284,0.2491516,0.10125325
271,819-R,stress,M,7,250905,1530,0.21284756,0.49016452,0.22248079,0.07450606,9.999997e-07
272,499-1,stress,M,2,220727,289,0.24585268,0.12942797,0.08075117,0.11191042,0.43205777
273,725-R,stress,F,5,241130,177,0.013222634,0.0749223,0.026437584,0.32468194,0.5607355
274,728-0,naive,M,9,241204,198,0.06115085,0.05882641,0.194596,0.128527,0.5568997
275,725-0,stress,M,3,241126,618,0.12565537,0.5607201,0.07568645,0.12162128,0.11631688
276,493-1,naive,F,4,220801,977,0.18024974,0.3807557,0.25960794,0.14225872,0.037127998
277,819-L,stress,M,9,250910,325,0.119274125,0.14772709,0.026052305,0.2579423,0.44900417
278,646-L,stress,M,12,240319,602,0.08138379,0.115669414,0.32630453,0.44666266,0.029979583
279,820-R,stress,F,1,250901,115,0.09318153,0.16465683,0.085536994,9.999999e-07,0.65662366
280,499-1,stress,M,7,220802,588,0.22164328,0.080461234,0.19758752,0.4584385,0.0418695
281,498-3,stress,M,6,220803,583,0.082054496,0.3677792,0.18646322,0.24617834,0.11752475
282,644-L,stress,M,1,240311,448,0.108202346,9.999995e-07,0.61420834,0.07595968,0.2016286
283,499-1,stress,M,8,220803,587,0.33457407,0.031652745,0.11663705,0.49090242,0.026233703
284,723-R,stress,M,4,241126,397,0.14870521,0.24171413,0.09795992,0.31694686,0.19467387
285,821-R,naive,M,5,250908,419,0.019045172,0.3146545,0.24359044,0.199405,0.22330494
286,820-R,stress,F,4,250905,331,0.079185575,0.25655332,0.053759035,0.3034704,0.30703166
287,820-0,stress,F,7,250905,384,0.10041456,0.04534825,0.24272597,0.39116174,0.22034952
288,578.1-2,naive,F,3,230710,695,0.0926723,0.48958755,0.17214794,0.12596165,0.11963058
289,579-1,stress,F,10,230715,790,0.13204256,0.52938277,0.1349418,0.09810589,0.10552695
290,725-R,stress,F,7,241204,506,0.04327828,0.15410978,0.34228662,0.38268325,0.07764211
291,493-2,naive,F,4,220802,516,0.16596018,0.22074124,0.08617083,0.38918868,0.13793907
292,822-L,naive,F,10,250911,222,9.999993e-07,0.15484896,0.08023213,0.13834067,0.62657714
293,644-0,naive,M,6,240312,579,0.23702653,0.35059562,0.10311847,0.18120314,0.12805624
294,500-2,stress,F,10,220806,662,0.1953394,0.08177361,0.19638596,0.51967984,0.0068211555
295,647-L,stress,M,10,240317,436,0.04659552,0.21438654,0.14372031,0.5265476,0.0687501
296,821-L,naive,M,2,250829,227,0.108421855,0.08711531,0.17413369,0.28264502,0.34768414
297,725-RL,stress,F,13,241210,125,0.112490706,0.050583836,0.14213793,0.0015808257,0.6932067
298,579-1,stress,F,6,230711,1016,0.020367958,0.5184248,0.35190874,0.044281214,0.06501728
299,579-2,naive,F,6,230712,413,0.16022904,0.29662782,0.22885294,0.11198571,0.20230456
300,647-0,naive,M,9,240316,432,0.17953362,0.079454675,0.48714474,0.0041012536,0.24976568
301,500-1,stress,F,10,220806,561,0.45054728,9.999995e-07,0.0039917044,0.4743841,0.07107587
302,491-1,naive,F,2,220729,815,0.310801,0.28618503,0.10745128,0.25430202,0.04126076
303,648-R,stress,F,2,240229,653,0.0031005559,0.12860388,0.46855828,0.3512178,0.048519462
304,579-1,stress,F,12,230717,816,0.1802872,0.51876986,0.101647995,0.09277997,0.10651496
305,723-R,stress,M,14,241209,255,0.07716303,9.999998e-07,0.18580928,0.46178058,0.27524608
306,725-RL,stress,F,14,241211,176,0.08380503,0.082942046,0.09510606,0.07675621,0.66139066
307,722-L,naive,F,3,241122,384,0.10424965,0.27191833,0.31413916,0.049913976,0.2597789
308,578-2,stress,F,3,230710,852,0.3023263,0.30562,0.16307156,0.1656857,0.063296445
309,648-R,stress,F,4,240306,526,0.0013630709,0.18211952,0.49528718,0.27912498,0.042105246
310,821-L,naive,M,10,250911,391,0.055072464,9.999999e-07,0.5096703,0.21415734,0.2210989
311,819-R,stress,M,5,250903,527,0.1306708,0.18315001,0.2801973,0.2654271,0.1405548
312,822-R,naive,F,7,250905,918,0.16638519,0.10478127,0.4580779,0.2707547,9.999999e-07
313,728-RL,naive,M,3,241126,396,0.04857016,0.15921398,0.10561846,0.56578475,0.120812744
314,493-1,naive,F,8,220805,911,0.32740605,0.22774482,0.17851739,0.24181548,0.024516284
315,648-0,stress,F,9,240316,163,0.06320905,0.012179345,0.1089108,0.30615693,0.50954384
316,722-RL,naive,F,9,241203,426,0.08905748,0.18072607,0.050013497,0.57720447,0.10299857
317,500-1,stress,F,8,220804,554,0.43487448,9.999995e-07,0.1345651,0.32198128,0.1085781
318,820-0,stress,F,3,250901,454,0.17491385,0.09927923,0.3543599,0.22071296,0.15073407
319,649-R,naive,F,13,240320,237,0.013128381,9.999998e-07,0.1760667,0.55739975,0.25340417
320,728-R,naive,M,4,241127,399,0.034093093,0.17874794,0.16199183,0.5264056,0.09876159
321,725-RL,stress,F,4,241128,197,0.03189148,0.42050683,0.15480222,9.999998e-07,0.39279842
322,648-0,stress,F,6,240311,580,0.1359009,0.009116041,0.49075264,0.24381293,0.12041745
323,646-L,stress,M,11,240318,587,0.085991986,0.10815439,0.28226826,0.52358437,9.999999e-07
324,493-1,naive,F,1,220728,700,0.28707278,0.20160082,0.24868183,0.195133,0.06751165
325,821-L,naive,M,8,250909,390,0.053494714,0.015756862,0.43177855,0.28220654,0.21676335
326,644-L,stress,M,11,240323,197,0.07235219,9.999998e-07,0.34613284,0.106598906,0.47491506
327,646-L,stress,M,8,240313,434,0.080924176,0.09983951,0.12179737,0.60425484,0.09318408
328,723-RL,stress,M,7,241129,488,0.055054106,0.18172811,0.23207912,0.51048744,0.020651244
329,644-0,naive,M,7,240313,588,0.23499678,0.32983756,0.12439552,0.15737401,0.1533962
330,722-0,naive,F,11,241205,679,0.00862729,0.12962978,0.5471674,0.2687402,0.045835305
331,648-R,stress,F,6,240311,451,0.01362958,0.06440544,0.14000434,0.7791184,0.0028422175
332,644-0,naive,M,3,240306,743,0.33386928,0.3562088,0.16940296,0.020330697,0.12018824
333,498-3,stress,M,8,220805,499,0.16920061,0.2723239,0.22281176,0.14931276,0.18635093
334,491-2,naive,F,12,220808,285,0.0722479,0.13092074,0.30063543,0.15785101,0.3383449
335,648-R,stress,F,3,240304,395,0.047355622,0.28652084,9.999998e-07,0.6377316,0.028390888
336,489-3,naive,M,7,220803,179,0.07696575,0.04585836,0.2265854,0.018174417,0.63241607
337,728-L,naive,M,3,241126,356,0.109889634,0.1502749,0.009722223,0.54781777,0.18229547
338,728-R,naive,M,2,241121,178,0.020367533,0.06597896,0.163155,0.22390318,0.5265953
339,648-0,stress,F,8,240313,145,0.11173034,0.004791859,0.019543612,0.1930776,0.6708566
340,649-R,naive,F,8,240313,404,0.013166321,0.048489165,0.22559589,0.5778792,0.13486943
341,499-3,stress,M,6,220802,727,0.19738308,0.38813707,0.07162118,0.34279126,6.7305264e-05
342,499-2,stress,M,1,220728,434,0.05411708,0.44645393,0.28056055,0.051337764,0.16753067
343,821-L,naive,M,13,250916,483,0.08812401,0.012517417,0.5718432,0.12898798,0.1985274
344,647-L,stress,M,2,240229,383,0.09990379,0.2813347,0.21457843,0.08972245,0.3144606
345,722-RL,naive,F,5,241127,586,0.05588407,0.3247544,0.1320556,0.46605924,0.021246672
346,722-RL,naive,F,4,241126,546,0.09065361,0.3144519,0.12320586,0.37059566,0.10109296
347,645-R,naive,M,1,240228,1635,0.09422066,0.6305049,0.1636188,0.11165454,9.999998e-07
348,649-L,naive,F,4,240306,357,0.009180514,0.029991692,0.36935395,0.4052715,0.18620232
349,728-L,naive,M,6,241129,738,0.31749165,0.12133571,0.093903765,0.46726784,9.999998e-07
350,501-2,stress,F,4,220801,1145,0.3603757,0.26252428,0.13819629,0.23890269,9.999998e-07
351,822-L,naive,F,2,250829,237,0.031524267,0.008159436,0.40699437,2.609584e-05,0.5532958
352,819-L,stress,M,4,250903,286,0.25263715,0.18388192,0.14492178,0.11685616,0.301703
353,644-0,naive,M,2,240304,543,0.06690597,0.5413047,0.18569757,0.055912588,0.15017916
354,723-0,stress,M,14,241209,337,0.09408581,0.00046871373,0.36865503,0.42375723,0.113033235
355,822-0,naive,F,14,250917,866,0.055739157,0.49428546,0.13181733,0.29580215,0.022356
356,579.1-2,naive,F,6,230712,194,0.33155364,0.07305117,0.016531399,0.16735871,0.41150513
357,579.1-2,naive,F,10,230716,707,0.27707872,0.13350989,0.1937216,0.38641596,0.009273804
358,644-L,stress,M,3,240313,288,0.09167167,9.999993e-07,0.610327,9.999993e-07,0.2979993
359,578.1-2,naive,F,7,230714,394,0.13763009,0.24935462,0.01637969,0.34507728,0.2515583
360,821-L,naive,M,4,250903,212,0.12238304,0.03236253,0.11485675,0.20186399,0.5285337
361,728-0,naive,M,2,241121,176,0.14116992,0.18779555,0.1273969,0.1060272,0.43761042
362,491-1,naive,F,11,220808,185,0.15901056,0.17144814,0.09464764,9.029848e-06,0.57488465
363,649-0,naive,F,13,240320,390,0.015294469,0.22134843,0.15632935,0.45639524,0.15063252
364,819-L,stress,M,11,250912,561,0.20359524,0.14575136,0.08144398,0.49849674,0.07071268
365,723-RL,stress,M,5,241127,448,0.01401148,0.02580811,0.6091123,0.21136668,0.13970137
366,649-L,naive,F,13,240320,492,0.034067687,0.03465743,0.4292894,0.3988146,0.10317095
367,489-1,naive,M,10,220808,733,0.068492465,0.42920676,0.19561327,0.24140306,0.06528446
368,578-2,stress,F,12,230719,972,0.28977942,0.36086193,0.16630565,0.13163199,0.051421024
369,489-4,naive,M,7,220805,533,0.27958712,0.3479106,1.9285711e-05,0.2621573,0.110325694
370,645-L,naive,M,1,240228,1141,0.16541655,0.31529146,0.32051146,0.1967476,0.0020329405
371,647-L,stress,M,6,240311,801,0.15652122,0.24793147,0.32829785,0.26724845,9.999995e-07
372,578-1,stress,F,9,230713,769,0.07767917,0.43719319,0.24927063,0.15493208,0.08092493
373,725-0,stress,M,12,241207,354,0.057486966,0.14254105,0.20487745,0.409635,0.18545952
374,647-0,naive,M,8,240313,437,0.3246798,1.8060967e-06,0.21372844,0.3294131,0.13217688
375,644-R,stress,M,6,240311,681,0.020080931,0.23061071,0.41044182,0.28310996,0.05575662
376,821-0,naive,M,4,250905,250,0.052205052,0.27540818,0.15435791,0.089213476,0.4288154
377,578-1,stress,F,13,230717,986,0.037282005,0.74153084,0.13392344,8.320831e-05,0.087180585
378,498-3,stress,M,7,220804,178,0.099800184,0.07711728,0.15915516,9.999999e-07,0.66392636
379,725-R,stress,F,11,241209,138,0.035403945,0.06446976,0.037590917,0.22839245,0.63414294
380,722-0,naive,F,2,241120,533,0.023992125,0.03508429,0.41907144,0.45325547,0.06859664
381,728-L,naive,M,12,241207,769,0.20246382,0.07467026,0.28213564,0.44072932,9.999998e-07
382,822-R,naive,F,3,250829,551,0.22634111,0.1497522,0.12836638,0.4607113,0.03482902
383,491-1,naive,F,1,220728,729,0.3111462,0.24601103,0.116629526,0.23464923,0.09156404
384,493-1,naive,F,5,220802,495,0.19511655,0.2392146,0.25073946,0.14050993,0.17441946
385,646-L,stress,M,1,240228,698,0.06846166,0.45538718,0.19165477,0.21036138,0.07413505
386,644-0,naive,M,12,240320,424,0.3511185,0.16574675,0.17832872,0.06158686,0.2432191
387,644-L,stress,M,2,240306,480,0.107271455,9.999999e-07,0.69055593,0.03151516,0.17065649
388,725-RL,stress,F,11,241207,265,0.031664815,0.28535366,0.22821362,0.085928895,0.36883903
389,723-R,stress,M,2,241120,1077,0.10699686,0.068203434,0.70140177,0.12339699,9.999999e-07
390,500-3,stress,F,3,220730,341,0.124418564,0.10965637,0.14506704,0.34211123,0.27874678
391,501-1,stress,F,1,220727,427,0.20388713,0.1077841,0.17877951,0.3054853,0.20406392
392,820-0,stress,F,14,250916,394,0.092021756,0.090985514,0.21577977,0.39966738,0.20154558
393,498-1,stress,M,8,220804,384,0.2771426,0.13337104,0.31703353,0.1123181,0.16013472
394,723-RL,stress,M,1,241119,689,0.045223624,0.2029974,0.5250337,0.09652169,0.13022366
395,725-L,stress,F,10,241205,230,0.038867433,0.38874182,0.19962375,0.012161102,0.36060587
396,646-0,stress,M,11,240318,927,0.120580174,0.1837985,0.29091612,0.40470424,9.999995e-07
397,579-2,naive,F,8,230714,720,0.12112121,0.40201518,0.20115171,0.15079927,0.124912634
398,578.1-1,naive,F,2,230706,177,0.07701681,0.21681276,0.16261213,0.14361121,0.39994708
399,580-1,stress,M,2,230703,358,0.19034813,9.999998e-07,0.03438894,0.59626305,0.17899892
400,725-L,stress,F,4,241127,111,0.027583908,0.4414993,0.0862908,9.999995e-07,0.44462505
401,822-L,naive,F,3,250901,140,0.025404487,0.041433062,0.26409534,9.999998e-07,0.6690661
402,578.1-2,naive,F,8,230715,559,0.086132824,0.26682138,0.24053314,0.32522857,0.08128406
403,722-0,naive,F,12,241206,864,0.019444782,0.0757113,0.645913,0.25892997,9.999999e-07
404,819-R,stress,M,14,250916,780,0.14632027,0.40896383,0.051389605,0.3702318,0.023094572
405,578-1,stress,F,1,230702,276,0.21506098,1.0197629e-06,0.40543854,0.10200801,0.27749145
406,578-1,stress,F,2,230703,532,0.14064832,0.11842941,0.6175152,9.999998e-07,0.123406045
407,723-RL,stress,M,13,241207,270,0.034225162,0.1307554,0.20128502,0.36260778,0.27112666
408,579-2,naive,F,14,230720,572,0.0550323,0.5970038,0.12333519,0.024842333,0.19978635
409,578.1-1,naive,F,1,230705,125,0.14511658,0.18674584,0.08901063,0.08799859,0.49112836
410,578-2,stress,F,14,230721,348,0.2171359,0.19064079,0.13645804,0.11695218,0.33881307
411,578.1-2,naive,F,10,230717,536,0.10283753,0.37429842,0.18328457,0.1499235,0.18965596
412,579.1-2,naive,F,3,230707,240,0.15390962,0.18894531,0.08043567,0.19240448,0.38430494
413,647-L,stress,M,14,240321,757,0.07305285,0.32105026,0.20999809,0.3908175,0.0050813444
414,645-L,naive,M,4,240306,1320,0.18342502,0.27255708,0.4714202,0.06546137,0.007136355
415,579-1,stress,F,1,230703,343,0.067466766,0.17691667,0.30753556,0.20818327,0.23989774
416,579.1-1,stress,F,13,230718,1784,0.5561735,0.05346452,0.2954432,0.094917774,9.999995e-07
417,489-3,naive,M,12,220808,422,0.03416846,0.38644525,0.23107138,0.12880655,0.21950835
418,822-R,naive,F,9,250909,506,0.2564686,0.04671802,0.0004071918,0.681608,0.014798129
419,728-R,naive,M,9,241204,377,0.06552372,0.07433608,0.14769557,0.56124717,0.15119748
420,725-R,stress,F,3,241128,171,0.057579458,0.05950737,0.3405985,0.18594937,0.3563653
421,500-2,stress,F,11,220807,741,0.1262443,0.1811016,0.31382412,0.37236387,0.00646619
422,722-L,naive,F,7,241129,1028,0.34585974,0.3201904,0.22559321,0.024379311,0.08397733
423,498-2,stress,M,7,220805,425,0.1790569,0.09117318,0.11875069,0.52170527,0.08931396
424,822-0,naive,F,2,250829,313,0.05140083,0.17089087,0.07801061,0.38932446,0.31037322
425,498-2,stress,M,5,220803,396,0.12643552,0.11732463,0.26705024,0.27239078,0.21679886
426,649-0,naive,F,8,240313,409,0.012638389,0.3161511,0.07218498,0.44105247,0.15797304
427,579-1,stress,F,5,230710,968,0.05132774,0.65719706,0.12563671,0.084809005,0.08102943
428,498-2,stress,M,3,220801,576,0.08250486,0.35648343,0.14720015,0.34802553,0.06578601
429,649-0,naive,F,3,240304,361,0.008343804,0.2496584,0.1111479,0.50394875,0.12690116
430,728-L,naive,M,4,241127,221,0.2145301,0.14957051,1e-06,1.5313883e-05,0.6358831
431,579-1,stress,F,9,230714,618,0.091434635,0.5655886,0.124223515,0.044347417,0.17440584
432,649-0,naive,F,11,240318,287,0.036909692,0.15679714,0.05972486,0.4763956,0.27017272
433,725-0,stress,M,9,241204,470,0.113331184,0.31713662,0.090770476,0.3025543,0.1762074
434,644-0,naive,M,1,240229,223,0.01072611,0.44122386,0.2077822,0.0843934,0.25587443
435,500-3,stress,F,8,220804,630,0.2152554,0.13455544,0.19569898,0.40989608,0.04459412
436,491-1,naive,F,10,220807,100,0.18269634,0.11368525,9.999993e-07,9.999993e-07,0.7036164
437,722-0,naive,F,3,241122,531,0.0057403087,0.071522504,0.60690296,0.15790012,0.15793411
438,728-R,naive,M,5,241128,639,0.04442342,0.18716483,0.41279006,0.33998546,0.015636215
439,820-0,stress,F,8,250908,236,0.079329,0.05161498,0.16627087,0.2797227,0.42306247
440,725-L,stress,F,2,241121,181,0.060010303,0.1711991,0.15495493,0.1417101,0.47212556
441,578-2,stress,F,7,230714,883,0.22802036,0.4107394,0.15436363,0.1317043,0.0751723
442,498-2,stress,M,12,220810,604,0.35776246,0.07376959,0.14596598,0.3417444,0.0807576
443,725-L,stress,F,11,241206,473,0.07633795,0.3802209,0.15470678,0.22347327,0.16526118
444,501-1,stress,F,12,220808,424,0.101331964,0.12335426,0.113768145,0.5350972,0.12644844
445,499-3,stress,M,7,220803,740,0.1490623,0.41823938,0.05623677,0.36008778,0.01637383
446,819-L,stress,M,7,250908,511,0.12409726,0.29858515,0.10387378,0.40378886,0.06965494
447,819-L,stress,M,2,250829,420,0.14327168,0.4209653,0.031811573,0.16676848,0.23718293
448,728-RL,naive,M,13,241209,554,0.073755994,0.20014283,0.20743616,0.49294454,0.025720464
449,649-L,naive,F,10,240317,514,0.035837468,0.03238612,0.29305917,0.61487263,0.023844624
450,501-1,stress,F,2,220728,263,0.09948208,0.13252477,0.16739963,0.13040474,0.47018877
451,646-0,stress,M,12,240319,801,0.13971096,0.25993648,0.26551992,0.33483168,9.999998e-07
452,723-R,stress,M,10,241204,352,0.08125071,0.037686862,9.999998e-07,0.737394,0.14366737
453,725-L,stress,F,3,241126,151,0.08247654,0.167307,0.22474982,0.0043216613,0.521145
454,645-R,naive,M,4,240306,1230,0.12848775,0.6023678,0.07146993,0.19304071,0.00463386
455,819-R,stress,M,3,250901,303,0.06314811,0.15361069,0.09764399,0.41874072,0.26685652
456,644-L,stress,M,7,240319,194,0.11180624,9.999993e-07,0.35480833,9.999993e-07,0.5333834
457,820-0,stress,F,1,250827,123,0.075819075,0.08182789,0.2149262,9.999999e-07,0.62742585
458,579.1-1,stress,F,3,230706,1698,0.23422192,0.52785176,0.13519731,0.102720656,8.423265e-06
459,725-L,stress,F,12,241207,495,0.12040219,0.36223307,0.15977186,0.214784,0.14280894
460,723-RL,stress,M,3,241122,351,0.046846848,0.055106398,0.3635512,0.3155318,0.21896376
461,498-3,stress,M,3,220731,1064,0.102606975,0.4454793,0.3101296,0.09110099,0.050683126
462,489-1,naive,M,9,220807,606,0.08193693,0.36994165,0.23864709,0.19488482,0.11458949
463,819-R,stress,M,6,250904,589,0.11094234,0.21802981,0.18154868,0.4140347,0.07544448
464,649-0,naive,F,4,240306,630,4.6715224e-05,0.42482474,0.13036148,0.4299999,0.014767156
465,819-L,stress,M,1,250828,606,0.19843826,0.08793107,0.43253157,0.12481594,0.15628318
466,645-0,naive,M,11,240318,744,0.06562383,0.36945587,0.25445867,0.28335372,0.02710797
467,725-0,stress,M,5,241128,356,0.33569413,0.18945634,9.999998e-07,0.2265397,0.2483088
468,578.1-1,naive,F,3,230710,169,0.05160303,0.09181026,0.23164023,9.999998e-07,0.6249454
469,648-L,stress,F,13,240320,561,3.0705312e-06,0.24944608,0.0037559832,0.7467939,9.999997e-07
470,647-L,stress,M,12,240319,845,0.07448562,0.35622406,0.21544835,0.353841,9.999997e-07
471,500-1,stress,F,1,220727,506,0.53732926,2.8250106e-05,0.21448398,0.06430146,0.18385711
472,491-2,naive,F,3,220730,179,0.011228596,0.03570621,0.34266838,0.008688194,0.6017086
473,493-1,naive,F,3,220731,286,0.0865646,0.2068149,0.33908355,0.09071352,0.27682343
474,648-0,stress,F,12,240319,108,0.064947546,9.999992e-07,0.20517044,9.999992e-07,0.72988003
475,725-R,stress,F,6,241203,331,0.008793181,0.29090917,0.2508555,0.24666888,0.20277326
476,722-0,naive,F,10,241204,543,0.056674037,0.16967997,0.27343372,0.42002907,0.08018319
477,498-2,stress,M,11,220809,667,0.288858,0.09194331,0.21135768,0.33871067,0.06913035
478,722-L,naive,F,13,241207,666,0.22252883,0.31332394,0.22644305,0.13545826,0.10224596
479,723-R,stress,M,7,241129,531,0.14345275,0.024180524,0.16922131,0.6409356,0.022209838
480,579-1,stress,F,4,230707,918,0.08399217,0.51400197,0.29994574,0.017728828,0.0843313
481,822-L,naive,F,11,250912,271,9.999998e-07,0.07062959,0.035014156,0.4593691,0.43498608
482,498-2,stress,M,4,220802,197,0.10314543,0.052006543,0.04109108,0.21085218,0.59290475
483,501-1,stress,F,11,220807,550,0.16079961,0.079027615,0.094552845,0.665619,9.999999e-07
484,728-RL,naive,M,2,241121,624,0.033419337,0.3833182,0.21939203,0.33629853,0.027571995
485,723-R,stress,M,13,241207,436,0.10340582,0.08078424,0.1280815,0.60584325,0.08188525
486,649-L,naive,F,1,240228,719,0.08611143,0.2512602,0.4195893,0.13931102,0.103728056
487,645-L,naive,M,12,240319,1356,0.117094226,0.2917269,0.5370961,0.05407985,2.9568812e-06
488,579.1-1,stress,F,2,230704,1981,0.2995552,0.485949,0.12697886,0.08751587,9.999997e-07
489,498-2,stress,M,6,220804,548,0.20651701,0.11377699,0.19428897,0.4553641,0.030052947
490,493-1,naive,F,10,220807,181,0.18522674,0.043958064,0.12126182,0.024060829,0.6254925
491,728-L,naive,M,1,241120,320,0.12102773,0.20051432,0.1811056,0.19886738,0.29848498
492,579.1-2,naive,F,4,230710,436,0.326117,0.04245691,0.13011779,0.3371831,0.16412522
493,645-0,naive,M,5,240307,649,0.056053873,0.39070067,0.251115,0.20347151,0.09865894
494,500-1,stress,F,6,220802,528,0.48587915,9.999995e-07,0.0654617,0.32034126,0.12831686
495,821-R,naive,M,7,250910,320,0.014296493,0.2959952,0.26965094,0.075181946,0.3448754
496,489-2,naive,M,1,220726,439,0.8452955,9.999993e-07,0.004869218,0.11325166,0.03658266
497,728-L,naive,M,5,241128,325,0.17988385,0.046076942,0.0046612015,0.5297645,0.23961353
498,728-R,naive,M,13,241209,109,0.118994534,9.999997e-07,0.088751316,0.18646584,0.6057873
499,723-R,stress,M,12,241206,543,0.025858901,9.999992e-07,0.6748406,0.23994589,0.059353627
500,723-L,stress,M,2,241120,347,9.999994e-07,0.30461484,0.22653678,0.31693465,0.15191273
501,728-R,naive,M,7,241130,728,0.061959352,0.28316003,0.22777131,0.42674515,0.00036415548
502,723-L,stress,M,10,241204,935,0.06606839,0.52589387,0.08939402,0.31864277,9.999999e-07
503,728-R,naive,M,1,241120,833,0.32515725,0.2643935,0.16953082,0.23892099,0.0019973402
504,722-L,naive,F,5,241127,512,0.113137916,0.42892122,0.12768546,0.16768879,0.16256663
505,646-L,stress,M,7,240312,602,0.017137107,0.2106007,0.22580148,0.5209102,0.025550501
506,498-1,stress,M,1,220727,611,0.22758216,0.18787947,0.27695873,0.19696759,0.11061212
507,649-0,naive,F,7,240312,301,0.033122815,0.06813416,0.13954099,0.41910002,0.34010202
508,580.1-1,naive,M,12,230719,405,0.095479436,0.31063998,0.19522321,0.18321577,0.2154416
509,579.1-1,stress,F,6,230711,1466,0.2857651,0.40744188,0.17936684,0.12432053,0.0031056202
510,648-R,stress,F,14,240321,383,0.00395615,0.095030606,0.09792618,0.80308187,5.236337e-06
511,578-1,stress,F,3,230705,381,0.04195187,0.11954026,0.55743986,0.16473989,0.116328105
512,499-1,stress,M,9,220804,879,0.35526833,0.13144566,0.18629546,0.3269895,9.999998e-07
513,501-2,stress,F,12,220809,1219,0.3344799,0.21620765,0.21730539,0.23200613,9.999997e-07
514,579.1-2,naive,F,8,230714,268,0.20517515,0.05696027,0.09501484,0.31333834,0.3295114
515,820-0,stress,F,12,250912,268,0.052960437,0.14464632,0.3030951,0.10372269,0.39557546
516,489-4,naive,M,5,220803,135,9.999998e-07,0.30920136,0.10888243,0.007934117,0.5739811
517,578.1-2,naive,F,4,230711,459,0.08500983,0.28198335,0.09250048,0.409169,0.13133734
518,644-0,naive,M,13,240321,516,0.19096589,0.253387,0.16630626,0.24944398,0.13989688
519,723-0,stress,M,10,241204,319,0.061368085,0.054105524,0.2925474,0.34430337,0.24767561
520,821-R,naive,M,12,250917,232,0.014715336,0.20411766,0.23953146,0.15271628,0.38891926
521,821-L,naive,M,12,250915,364,0.12085807,9.999995e-07,0.50518864,0.13740987,0.2365424
522,728-R,naive,M,8,241203,491,0.042041034,0.18161528,0.35059774,0.29331776,0.13242814
523,819-L,stress,M,3,250901,446,0.13697416,0.2064131,0.19439012,0.19082981,0.27139282
524,723-RL,stress,M,12,241206,155,0.11502329,7.842744e-06,9.999995e-07,0.18421161,0.70075625
525,491-1,naive,F,4,220801,646,0.22597209,0.22007978,0.25166515,0.22198096,0.08030199
526,644-R,stress,M,14,240321,977,0.050423365,0.29220343,0.43025425,0.227118,9.999999e-07
527,500-1,stress,F,7,220803,406,0.467232,9.999997e-07,0.05957559,0.2810209,0.19217046
528,491-2,naive,F,7,220803,351,0.06097966,0.0831189,0.3459323,0.27553618,0.23443303
529,578-2,stress,F,1,230705,292,0.17635691,0.3639822,0.11626241,0.19473702,0.14866152
530,579-1,stress,F,2,230704,763,0.041065235,0.448372,0.31854793,0.11402966,0.07798515
531,725-R,stress,F,1,241129,166,0.020308573,0.06889202,0.31465214,0.0038604473,0.5922868
532,821-L,naive,M,11,250912,384,0.058236215,9.999997e-07,0.4247565,0.32205513,0.19495112
533,644-L,stress,M,4,240316,375,0.07605816,9.999995e-07,0.5735069,0.112395324,0.23803851
534,579-2,naive,F,7,230713,122,0.24541485,9.999995e-07,0.0509073,9.999995e-07,0.70367575
535,645-0,naive,M,13,240320,690,0.16730896,0.19751014,0.29992604,0.2923413,0.042913556
536,822-0,naive,F,9,250910,431,0.029370183,0.42269692,0.031579196,0.29499334,0.22136042
537,645-R,naive,M,7,240312,1093,0.12134108,0.54966813,0.049470585,0.271164,0.00835627
538,499-3,stress,M,2,220728,496,0.19811383,0.31626472,0.059232324,0.20751363,0.21887551
539,819-R,stress,M,10,250910,969,0.37953496,0.2813767,0.11106998,0.18706447,0.040953957
540,723-L,stress,M,14,241209,794,0.06922836,0.3344883,0.20988333,0.38639903,9.999999e-07
541,819-R,stress,M,9,250909,1104,0.2178136,0.47412017,0.026060652,0.26850152,0.013504109
542,499-3,stress,M,3,220730,477,0.15569182,0.22625448,0.23924537,0.14821552,0.2305928
543,491-1,naive,F,8,220805,214,0.20316352,0.13095465,0.0604191,0.0057468405,0.5997159
544,722-L,naive,F,10,241204,344,0.07394373,0.3151033,0.12629233,0.2259135,0.25874716
545,648-R,stress,F,11,240318,758,0.0052120555,0.1719274,0.41843778,0.40243578,0.0019870459
546,578-2,stress,F,6,230713,575,0.21266861,0.27092198,0.13406426,0.27382103,0.108524114
547,500-3,stress,F,2,220728,366,0.23357226,0.22003797,0.11882336,0.1465403,0.2810261
548,728-RL,naive,M,11,241206,640,0.025520157,0.22971953,0.3337333,0.3758213,0.035205793
549,579.1-2,naive,F,2,230705,163,0.18600655,0.048279952,2.7043265e-05,0.292653,0.47303346
550,728-R,naive,M,6,241129,372,0.04967278,0.13168682,0.16712138,0.5444363,0.10708274
551,501-2,stress,F,7,220804,1002,0.48168132,0.15230682,0.051746428,0.30361158,0.01065384
552,822-R,naive,F,13,250915,551,0.26921842,9.999999e-07,0.18337885,0.5113742,0.03602749
553,579.1-1,stress,F,8,230713,1905,0.47034562,0.3279261,0.114868745,0.08685858,9.999997e-07
554,821-0,naive,M,6,250909,153,0.05297618,0.30875975,9.999998e-07,0.06269532,0.5755678
555,822-R,naive,F,14,250916,425,0.12754376,0.060218863,0.22305053,0.46562105,0.12356576
556,647-0,naive,M,13,240320,429,0.120517164,9.999995e-07,0.3358971,0.3661004,0.17748435
557,821-R,naive,M,6,250909,637,0.030238668,0.34643742,0.34372574,0.13369851,0.14589965
558,579.1-2,naive,F,7,230713,282,0.19017607,0.11243554,0.1286099,0.28981784,0.27896068
559,500-1,stress,F,4,220731,578,0.47403216,9.999998e-07,0.1398157,0.26579586,0.120355226
560,489-4,naive,M,10,220808,244,0.2604302,0.110646464,0.046927866,0.18898079,0.3930147
561,489-3,naive,M,9,220805,725,0.063762374,0.4145494,0.1779178,0.3401697,0.0036007992
562,722-L,naive,F,1,241119,358,0.11284464,0.36772975,0.25476325,0.075291745,0.18937063
563,723-L,stress,M,13,241207,914,0.02581931,0.48328066,0.14018157,0.35071754,9.999998e-07
564,579.1-1,stress,F,5,230710,1991,0.36449757,0.39433676,0.15954448,0.0816202,9.999998e-07
565,821-0,naive,M,2,250902,202,0.09464366,0.4435219,0.038529225,0.05338572,0.3699195
566,645-0,naive,M,14,240321,513,0.07145626,0.25923806,0.28069472,0.27977672,0.108834244
567,648-L,stress,F,9,240316,372,0.02157232,0.2944181,0.00025082403,0.49226764,0.19149111
568,579-2,naive,F,9,230715,169,0.22043224,1.3368921e-06,0.06049529,0.23628585,0.48278528
569,499-3,stress,M,8,220804,514,0.13148484,0.27536923,0.0641837,0.42213362,0.106828615
570,819-R,stress,M,12,250912,1053,0.30526185,0.2956284,0.18015191,0.21895683,9.999998e-07
571,728-R,naive,M,14,241210,589,0.31013536,9.999993e-07,0.35583356,0.23211089,0.10191918
572,644-R,stress,M,2,240229,305,0.010419202,0.1518476,0.43473905,0.13248068,0.27051345
573,500-3,stress,F,7,220803,397,0.21080075,0.066080265,0.15048757,0.3705101,0.20212129
574,489-1,naive,M,2,220730,985,0.16954793,0.276065,0.3606573,0.13658567,0.0571441
575,725-L,stress,F,5,241128,314,0.033322755,0.3469818,0.16892986,0.19475119,0.25601438
576,499-1,stress,M,11,220806,445,0.28991553,0.10025134,0.085558854,0.4465486,0.07772571
577,489-3,naive,M,1,220727,223,0.06739701,0.07943723,0.2010727,0.16562343,0.48646963
578,722-L,naive,F,8,241130,498,0.042199843,0.29974893,0.26710683,0.22384326,0.16710122
579,728-R,naive,M,12,241207,312,0.16118217,0.017025042,0.21425879,0.39614874,0.21138532
580,821-0,naive,M,5,250908,281,0.107834525,0.2839449,9.999998e-07,0.22784272,0.3803768
581,649-L,naive,F,5,240307,224,9.999983e-07,9.999983e-07,0.0010456878,0.6487529,0.3501994
582,646-L,stress,M,2,240229,852,0.030137273,0.56705874,0.08259918,0.29699734,0.02320744
583,501-2,stress,F,8,220805,1132,0.39568788,0.21190284,0.14582929,0.24173348,0.0048465147
584,491-2,naive,F,8,220804,387,0.098922,0.13823037,0.36674315,0.09500551,0.30109894
585,580-1,stress,M,12,230716,488,0.0487478,0.07531489,0.053686064,0.8054376,0.016813608
586,725-L,stress,F,7,241130,174,0.020581082,0.20297502,0.2313494,0.09212235,0.45297214
587,644-R,stress,M,10,240317,638,0.009082064,0.18428612,0.50117964,0.18631148,0.11914071
588,644-R,stress,M,9,240316,757,0.007089184,0.21020761,0.5167157,0.21371071,0.05227678
589,489-4,naive,M,4,220802,350,0.086595014,0.37876138,0.046355035,0.28626928,0.2020193
590,580-1,stress,M,8,230712,1016,0.113899834,0.49352786,0.24953797,0.0628166,0.0802178
591,649-R,naive,F,14,240321,166,0.014275063,0.010467926,0.068725094,0.32189485,0.58463705
592,645-R,naive,M,14,240321,828,0.01683515,0.35568848,0.24122562,0.38624978,9.999997e-07
593,821-L,naive,M,1,250828,836,0.14448091,0.1346163,0.5305864,0.1471541,0.04316226
594,645-R,naive,M,11,240318,1040,0.08924482,0.5205508,0.03862418,0.35157925,9.999995e-07
595,580.1-1,naive,M,13,230720,915,0.09277303,0.4193544,0.19798514,0.28672096,0.0031664472
596,649-R,naive,F,9,240316,227,0.022664696,0.049360808,0.083308004,0.2564658,0.58820075
597,580.1-1,naive,M,3,230710,718,0.02677609,0.46132088,0.3086369,0.07097359,0.13229257
598,649-L,naive,F,11,240318,567,0.021316871,0.046570513,0.3898994,0.5417012,0.000512085
599,493-1,naive,F,12,220809,166,0.07839021,0.03222166,0.12416318,0.1069702,0.65825474
600,644-R,stress,M,13,240320,1360,0.036320962,0.36701667,0.4894283,0.107233174,9.999998e-07
601,723-L,stress,M,7,241129,870,0.022355955,0.5679689,0.06367686,0.3436273,0.0023709955
602,822-L,naive,F,9,250910,182,0.029077629,0.08132103,0.10592205,0.0049758805,0.7787034
603,722-L,naive,F,4,241126,860,0.12182632,0.48571467,0.24902546,0.042085443,0.101348095
604,578.1-1,naive,F,8,230715,155,0.053259667,9.999998e-07,0.25489208,0.07539381,0.6164534
605,648-L,stress,F,12,240319,249,0.006817467,0.15068941,0.23653126,0.20091446,0.40504745
606,646-0,stress,M,13,240320,763,0.13004588,0.34736326,0.0869393,0.43565062,9.999998e-07
607,819-L,stress,M,8,250909,416,0.058104143,0.19754557,0.07212847,0.6722209,9.999999e-07
608,644-0,naive,M,8,240316,963,0.35552308,0.2772643,0.1335139,0.16870078,0.06499795
609,822-L,naive,F,4,250903,311,0.019665813,0.18056266,0.48651585,0.043080945,0.2701747
610,501-2,stress,F,9,220806,1023,0.44464028,0.14783694,0.15938143,0.24814042,9.999998e-07
611,722-0,naive,F,14,241209,922,0.0100198155,0.16727345,0.6035751,0.21913062,9.999998e-07
612,723-L,stress,M,12,241206,844,0.013141013,0.48966134,0.09519271,0.402004,9.999998e-07
613,500-1,stress,F,11,220807,667,0.48695755,9.999995e-07,0.12840854,0.34789988,0.036733072
614,645-R,naive,M,2,240229,1563,0.08518043,0.6595474,0.123904586,0.13136664,9.999999e-07
615,649-R,naive,F,2,240229,174,0.037488684,0.1243018,0.39563975,0.08938661,0.35318315
616,579-1,stress,F,14,230719,875,0.1500735,0.5428413,0.072413266,0.15316199,0.08150989
617,722-0,naive,F,1,241119,847,0.009400808,0.12892385,0.633773,0.21737278,0.010529602
618,644-R,stress,M,5,240307,348,0.065030664,0.16290991,0.05578942,0.47357666,0.2426934
619,822-R,naive,F,4,250901,486,0.07555823,0.3169431,0.020217204,0.52530724,0.06197422
620,725-0,stress,M,1,241120,656,0.28858846,0.30624282,0.18269925,0.110867254,0.11160218
621,580.1-1,naive,M,9,230716,798,0.065865055,0.35591623,0.26384085,0.28503323,0.029344633
622,648-R,stress,F,5,240307,562,0.018513706,0.15496656,0.3197721,0.50674665,9.999998e-07
623,648-L,stress,F,4,240306,737,0.017347902,0.46877688,0.21161121,0.23901467,0.06324935
624,821-0,naive,M,3,250904,525,0.050627742,0.4797336,0.07613692,0.20288233,0.19061941
625,578.1-2,naive,F,14,230721,277,0.10994644,0.16659491,0.122378476,0.29157603,0.30950412
626,493-1,naive,F,7,220804,816,0.27245247,0.2282707,0.18084607,0.27325818,0.04517257
627,644-R,stress,M,4,240306,774,0.014221604,0.30749688,0.374345,0.2731213,0.030815288
628,648-L,stress,F,7,240312,263,0.015771255,0.25063825,0.08880202,0.16021162,0.48457682
629,722-RL,naive,F,8,241130,800,0.09894088,0.3246538,0.24344479,0.3297746,0.003186013
630,822-R,naive,F,10,250910,575,0.24973959,0.029467667,0.21638647,0.4448178,0.059588462
631,822-L,naive,F,7,250908,336,0.017599642,0.22317116,0.18110038,0.19180958,0.38631925
632,649-R,naive,F,6,240311,287,0.0016898249,0.09011167,0.20095487,0.34822643,0.35901722
633,493-2,naive,F,2,220730,520,0.20875733,0.2391036,0.36719045,0.027629802,0.15731886
634,820-R,stress,F,11,250916,494,0.1457081,0.22603405,0.2071945,0.25880924,0.16225411
635,822-R,naive,F,12,250912,462,0.17906033,1e-06,0.24764124,0.47256804,0.10072945
636,646-0,stress,M,8,240313,888,0.1827205,0.29491177,0.30913836,0.21322837,9.999999e-07
637,489-1,naive,M,3,220801,767,0.11340911,0.33786508,0.2573796,0.21498975,0.07635655
638,821-R,naive,M,8,250911,586,0.0882069,0.37258962,0.17575367,0.23181598,0.1316338
639,821-0,naive,M,12,250917,319,0.066170834,0.14811361,0.005866607,0.4373399,0.34250906
640,645-0,naive,M,7,240312,283,2.774601e-06,0.3799191,0.16064331,0.13697913,0.32245573
641,648-L,stress,F,10,240317,446,0.039980188,0.2351683,0.09376323,0.5000272,0.13106112
642,498-1,stress,M,11,220807,681,0.3278081,0.2861854,0.19798167,0.12547138,0.06255342
643,644-L,stress,M,10,240322,375,0.09931084,9.999995e-07,0.593377,0.101749614,0.20556147
644,645-L,naive,M,9,240316,1371,0.22127649,0.14737459,0.5413377,0.09001018,9.999995e-07
645,489-2,naive,M,6,220801,440,0.23316698,0.06740473,0.15178382,0.3578637,0.18978077
646,499-2,stress,M,4,220801,976,0.09798775,0.5296837,0.15752071,0.16645616,0.04835172
647,648-0,stress,F,7,240312,310,0.052299388,9.999999e-07,0.2690452,0.4560229,0.22263151
648,725-0,stress,M,13,241209,598,0.19739375,0.3882922,0.07128904,0.265809,0.07721599
649,646-L,stress,M,5,240307,359,9.999998e-07,0.3899674,0.051195,0.42193478,0.13690181
650,649-R,naive,F,3,240304,402,0.028283339,0.20114481,0.3909823,0.1816368,0.19795278
651,723-RL,stress,M,4,241126,473,0.014627135,0.058765788,0.42293593,0.47447082,0.029200325
652,723-RL,stress,M,14,241209,326,0.0065298057,0.07605208,0.33226934,0.37793246,0.20721632
653,580-1,stress,M,13,230717,1122,0.26511422,0.10187078,0.4405365,0.19247748,9.999997e-07
654,822-R,naive,F,8,250908,764,0.2615275,0.010942405,0.2551853,0.4723438,9.999998e-07
655,493-2,naive,F,12,220810,355,0.14457211,0.19754507,0.09348767,0.33405155,0.23034367
656,499-2,stress,M,8,220805,861,0.11435789,0.5198836,0.14059184,0.16906804,0.056098726
657,649-0,naive,F,12,240319,335,0.008821529,0.112170555,0.11101765,0.57798165,0.19000866
658,578.1-2,naive,F,1,230705,286,0.115776785,0.20588665,0.23877265,0.17466402,0.26489988
659,500-3,stress,F,6,220802,446,0.21960175,0.11143124,0.119567685,0.4215879,0.12781146
660,500-2,stress,F,7,220803,740,0.17029001,0.23161697,0.24732368,0.29984346,0.050925847
661,725-R,stress,F,10,241207,247,0.011573654,0.08506984,0.21136463,0.3332733,0.3587186
662,501-1,stress,F,10,220806,662,0.23174077,0.078287356,0.16695216,0.5230187,9.999999e-07
663,645-L,naive,M,6,240311,1250,0.29161116,0.23178628,0.33127686,0.14532475,9.999999e-07
664,722-L,naive,F,2,241120,323,0.10102743,0.2373551,0.22509192,0.16507132,0.27145424
665,723-R,stress,M,6,241128,945,0.056943517,7.946149e-05,0.76697934,0.17599675,9.999998e-07
666,728-L,naive,M,14,241210,345,0.07988741,0.0014229271,0.054333694,0.7060718,0.15828416
667,645-0,naive,M,6,240311,346,0.04996248,0.3168207,0.14077353,0.176104,0.31633928
668,500-2,stress,F,6,220802,855,0.26998606,0.2898794,0.19261204,0.24746723,5.527214e-05
669,821-R,naive,M,14,250919,371,0.011954055,0.3142398,0.20563357,0.28624102,0.18193164
670,822-0,naive,F,5,250904,543,0.016033992,0.3006247,0.21834625,0.37570596,0.0892891
671,500-2,stress,F,12,220808,758,0.0931144,0.15289363,0.3627083,0.39128277,9.999999e-07
672,819-R,stress,M,2,250828,415,0.09403405,0.12617178,0.21057774,0.42595294,0.14326355
673,644-L,stress,M,8,240320,199,0.09475087,9.999994e-07,0.45530602,9.999994e-07,0.4499411
674,499-2,stress,M,6,220803,729,0.036775194,0.5997363,0.106728904,0.1722289,0.08453079
675,645-L,naive,M,5,240307,2012,0.22002417,0.32920828,0.3854179,0.06534868,9.999997e-07
676,489-3,naive,M,3,220730,306,0.11085086,9.999999e-07,0.32959357,0.31179643,0.24775815
677,646-L,stress,M,14,240321,689,0.122438915,0.084642194,0.47334376,0.28365088,0.03592427
678,728-RL,naive,M,4,241127,614,0.1843622,0.23303309,0.058598857,0.49126646,0.032739375
679,648-L,stress,F,2,240229,402,0.013150632,0.27391827,0.21354681,0.23231761,0.26706666
680,648-0,stress,F,14,240321,577,0.049824756,9.999998e-07,0.5729681,0.2692828,0.10792335
681,491-2,naive,F,11,220807,153,0.048244752,9.999998e-07,0.22285904,0.12343009,0.6054651
682,821-0,naive,M,9,250912,263,0.09509497,0.16904311,0.04002656,0.11773177,0.5781036
683,722-RL,naive,F,11,241205,158,0.0645389,0.119378775,0.11955393,0.20284052,0.4936879
684,647-0,naive,M,5,240307,743,0.286217,9.999998e-07,0.5917019,7.858765e-06,0.12207215
685,498-1,stress,M,5,220801,1090,0.40134057,0.25207296,0.21362714,0.13078572,0.0021736142
686,499-1,stress,M,4,220730,786,0.2895252,0.14984412,0.1759057,0.37538108,0.009343946
687,644-L,stress,M,2,240312,306,0.07353188,9.999993e-07,0.62248933,9.999993e-07,0.30397674
688,500-2,stress,F,9,220805,976,0.18560223,0.14609767,0.43377757,0.22192512,0.012597399
689,644-L,stress,M,6,240318,309,0.076928645,9.999995e-07,0.5730856,0.0043151136,0.34566963
690,821-0,naive,M,1,250901,143,0.017420786,0.34030667,0.14821894,9.999998e-07,0.49405253
691,645-L,naive,M,2,240229,1311,0.22503072,0.32943305,0.33549818,0.11003697,9.999997e-07
692,728-RL,naive,M,1,241120,1040,0.13594627,0.38391787,0.17105265,0.30897176,0.00011145102
693,821-L,naive,M,3,250901,363,0.16886786,0.02625109,0.33786494,0.21960399,0.2474121
694,644-L,stress,M,1,240305,233,0.051234532,0.017950375,0.5544593,9.999999e-07,0.37635478
695,728-0,naive,M,8,241203,174,0.033570535,0.038193423,0.105458,0.33397034,0.4888077
696,647-L,stress,M,1,240228,546,0.12330358,0.46893367,0.15041946,0.093156,0.16418728
697,728-L,naive,M,10,241205,143,0.04197821,9.999997e-07,0.07750823,9.999997e-07,0.8805116
698,501-2,stress,F,10,220807,1284,0.48299778,0.12170015,0.20611121,0.1891899,9.999998e-07
699,819-R,stress,M,11,250911,535,0.20238437,0.3154852,0.023800576,0.33039552,0.12793435
700,822-L,naive,F,1,250828,312,0.03450192,0.07686219,0.36747995,0.13776653,0.3833894
701,644-0,naive,M,14,240322,702,0.28001577,0.26169375,0.18973446,0.17608637,0.092469655
702,499-2,stress,M,9,220806,1041,0.16258518,0.4470713,0.1852225,0.15997,0.04515099
703,722-RL,naive,F,13,241207,625,0.068920605,0.3632333,0.21475913,0.3109432,0.04214378
704,725-R,stress,F,12,241210,281,0.028889867,0.12006558,0.07919516,0.4639621,0.3078873
705,500-3,stress,F,5,220801,553,0.24024922,0.17161223,0.054007273,0.48104748,0.053083815
706,723-0,stress,M,3,241122,206,0.014475923,0.076649144,0.41246203,0.06318555,0.43322736
707,491-1,naive,F,6,220803,585,0.21762738,0.32174474,0.06500803,0.33601362,0.059606142
708,647-0,naive,M,4,240306,805,0.1578769,0.145942,0.58128726,9.999999e-07,0.11489285
709,648-R,stress,F,7,240312,602,0.012142877,0.052487712,0.3610124,0.5743439,1.3141545e-05
710,489-2,naive,M,2,220727,498,0.29589924,0.16354123,0.105485,0.27586126,0.15921327
711,647-L,stress,M,8,240313,446,0.116648935,0.18142638,0.028109526,0.56894195,0.10487323
712,578-2,stress,F,2,230706,671,0.26126567,0.28729552,0.22173426,0.16600856,0.06369607
713,722-L,naive,F,11,241205,977,0.14677007,0.3153145,0.40346673,0.063477196,0.07097156
714,725-0,stress,M,14,241210,202,0.12665722,0.20278776,0.02093551,0.1572475,0.49237204
715,501-1,stress,F,7,220803,288,0.08037182,0.044094812,0.09047911,0.4518686,0.33318567
716,723-RL,stress,M,6,241128,563,0.021563198,0.2996361,0.13740264,0.49671477,0.044683285
717,723-L,stress,M,3,241122,688,0.002704329,0.4823209,0.1388646,0.31132793,0.06478224
718,645-0,naive,M,10,240317,174,0.14155838,0.18375091,0.16652837,0.021338614,0.48682374
719,649-R,naive,F,7,240312,274,0.011951075,0.10196194,0.07423207,0.4686412,0.3432137
720,580.1-1,naive,M,5,230712,300,0.060888994,0.23036191,0.11835069,0.26338136,0.32701704
721,580.1-1,naive,M,7,230714,1034,0.056343406,0.5075935,0.25381994,0.14958464,0.0326585
722,578-2,stress,F,11,230718,1387,0.3760092,0.3465699,0.1309757,0.13116147,0.015283647
723,500-3,stress,F,11,220807,336,0.21300615,0.042444382,0.18878278,0.16934147,0.3864252
724,820-R,stress,F,14,250918,392,0.14360058,0.098383516,0.11431263,0.45616597,0.1875373
725,644-0,naive,M,5,240311,435,0.011816317,0.43128368,0.021195292,0.3585227,0.17718199
726,820-R,stress,F,5,250908,199,0.19803165,0.11069695,0.047633972,0.2138595,0.42977795
727,645-R,naive,M,8,240313,1059,0.061790306,0.5222469,0.10034535,0.3156165,9.999995e-07
728,500-3,stress,F,9,220805,556,0.20623386,0.17359298,0.14518137,0.41056842,0.06442337
729,648-R,stress,F,1,240228,541,0.009422889,0.11368984,0.62917066,0.034265112,0.21345152
730,728-RL,naive,M,10,241205,417,0.019404344,0.32834262,0.04753264,0.48367947,0.12104091
731,722-L,naive,F,12,241206,225,0.14298727,0.1827518,0.21711789,0.052536316,0.40460673
732,728-0,naive,M,11,241207,522,0.04609017,0.23941368,0.2595785,0.35024738,0.1046703
733,648-0,stress,F,10,240317,125,0.024053352,9.999995e-07,0.07749435,0.10334056,0.7951108
734,648-0,stress,F,4,240306,510,0.09080758,0.22326243,0.328641,0.20025082,0.15703818
735,647-0,naive,M,14,240321,580,0.40196168,9.999998e-07,0.12747437,0.3970408,0.073522076
736,499-1,stress,M,10,220805,674,0.34463522,0.14340189,0.12037238,0.32124025,0.07035027
737,644-R,stress,M,8,240313,845,0.012315834,0.17444825,0.5440988,0.26913616,9.999999e-07
738,500-2,stress,F,1,220727,423,0.37450388,0.05580896,0.2335154,0.12976868,0.20640305
739,499-1,stress,M,12,220807,473,0.2599306,0.027020799,0.2757119,0.32035685,0.11697983
740,821-0,naive,M,10,250915,307,0.07645615,0.22715569,0.0503916,0.39225048,0.25374606
741,822-L,naive,F,6,250905,697,9.999998e-07,0.46315563,0.25435796,0.1799374,0.102547936
742,578.1-2,naive,F,12,230719,509,0.17198944,0.27457002,0.16674331,0.21274598,0.17395124
743,723-RL,stress,M,8,241130,223,0.018747428,0.22687246,0.17325737,0.31992182,0.261201
744,644-0,naive,M,4,240307,900,0.3593312,0.27838895,0.14105484,0.14401492,0.0772101
745,648-L,stress,F,8,240313,475,0.018035395,0.28521,0.11165638,0.47779378,0.107304424
746,728-L,naive,M,13,241209,392,0.11638607,0.021695534,9.999999e-07,0.8075902,0.054327197
747,500-1,stress,F,2,220728,469,0.5179455,9.999998e-07,0.097864516,0.20501983,0.17916906
748,822-L,naive,F,14,250917,254,9.999995e-07,0.16066256,0.151231,0.25288528,0.4352202
749,822-R,naive,F,5,250903,344,0.1674877,0.12903439,0.15618567,0.31283942,0.23445283
750,499-2,stress,M,5,220802,943,0.11076194,0.5464644,0.13815945,0.16380855,0.040805675
751,819-L,stress,M,14,250917,489,0.10049018,0.14121608,0.11815565,0.5930853,0.0470528
752,580.1-1,naive,M,14,230721,544,0.14506961,0.09834855,0.15174073,0.55915797,0.045683127
753,647-L,stress,M,3,240304,728,0.24641335,0.25273722,0.18614231,0.2554172,0.05928992
754,723-RL,stress,M,10,241204,125,0.039837953,0.16808908,0.046133034,0.21716854,0.5287714
755,645-0,naive,M,4,240306,282,0.05843458,0.18962757,0.34960717,0.0010767066,0.40125397
756,728-R,naive,M,10,241205,282,0.032873217,0.04353513,0.30061382,0.32799667,0.29498115
757,645-R,naive,M,12,240319,1266,0.12552257,0.45989943,0.19820952,0.21636753,9.999997e-07
758,819-R,stress,M,1,250827,397,0.12668276,0.27865058,0.22664939,0.21665065,0.15136662
759,725-0,stress,M,10,241205,136,0.10661838,0.14200398,0.08802876,0.0027541094,0.66059476
760,489-2,naive,M,4,220730,463,0.1537613,0.1777122,0.18695343,0.32305047,0.15852258
761,722-RL,naive,F,14,241209,488,0.08415994,0.29417527,0.09666615,0.42074442,0.10425425
762,499-2,stress,M,2,220729,677,0.110225245,0.41799998,0.23858982,0.15570253,0.077482395
763,499-1,stress,M,5,220731,432,0.27977294,0.118674554,0.15194948,0.26216128,0.18744174
764,647-0,naive,M,12,240319,444,0.22485687,9.999995e-07,0.17718542,0.49585637,0.10210027
765,822-0,naive,F,4,250903,268,0.01827724,0.0975834,0.03592286,0.6045731,0.24364343
766,491-2,naive,F,4,220731,353,0.063491784,0.010668557,0.4003456,0.25240302,0.27309105
767,499-3,stress,M,5,220801,772,0.16234255,0.3965855,0.105080016,0.33599105,1e-06
768,644-R,stress,M,3,240304,714,0.0145446295,0.42799473,0.33066514,0.116484776,0.11031074
769,493-1,naive,F,2,220729,517,0.19808632,0.37913835,0.21933497,0.0971852,0.10625515
770,579.1-2,naive,F,1,230704,343,0.3997185,0.0903671,0.07543825,0.22165981,0.21281637
771,578.1-1,naive,F,13,230720,109,0.12410778,0.1394489,0.099121064,9.999997e-07,0.63732123
772,648-L,stress,F,5,240307,353,0.04280626,0.10666213,0.13612208,0.5104718,0.20393774
773,648-R,stress,F,9,240316,519,0.004786715,0.12580644,0.27638876,0.5761895,0.016828552
774,489-4,naive,M,8,220806,281,0.24407014,0.19695933,0.09500129,0.06916156,0.39480767
775,647-L,stress,M,9,240316,531,0.118459105,0.17819445,0.13015741,0.51365054,0.05953847
776,646-L,stress,M,4,240306,1091,0.06087573,0.49839574,0.22809283,0.21263476,9.999999e-07
777,579-2,naive,F,11,230717,127,0.03775445,0.06583075,0.057391487,0.18197356,0.6570498
778,579-2,naive,F,4,230710,307,0.13829517,0.20581858,0.22428827,0.03381598,0.39778197
779,722-0,naive,F,7,241129,563,0.04809037,0.3064786,0.2665229,0.30793568,0.07097246
780,649-L,naive,F,12,240319,433,0.0015323545,0.027990172,0.3174334,0.574882,0.078162126
781,725-RL,stress,F,2,241129,240,0.060463548,0.2319503,0.13583554,0.13342747,0.43832314
782,580-1,stress,M,1,230702,646,0.42100075,9.999997e-07,0.2728131,0.21455917,0.091626
783,579.1-2,naive,F,11,230717,122,0.14266555,9.999998e-07,0.013907953,0.016008923,0.82741654
784,578-1,stress,F,14,230718,1209,0.05411419,0.7668684,0.09815422,0.013927863,0.06693519
785,722-0,naive,F,6,241128,982,0.030559555,0.10122966,0.6563533,0.21185654,9.999997e-07
786,578.1-2,naive,F,2,230706,229,0.136178,0.15796813,0.36000618,0.010958776,0.33488894
787,822-0,naive,F,12,250915,911,0.013981623,0.41804743,0.2953851,0.26801935,0.0045665773
788,822-L,naive,F,5,250904,169,0.0235328,0.25596118,0.111352555,0.06813886,0.5410147
789,649-L,naive,F,14,240321,629,0.017277045,0.06569236,0.5781239,0.28710786,0.051798817
790,580.1-1,naive,M,8,230715,893,0.07361387,0.55175453,0.17763609,0.122631185,0.07436431
791,489-4,naive,M,9,220807,330,0.3157072,0.1830911,0.021076353,0.22723165,0.2528937
792,648-L,stress,F,14,240321,783,0.008297132,0.35551223,0.14652428,0.48966533,9.999995e-07
793,498-1,stress,M,4,220731,502,0.2870057,0.21202953,0.27377638,0.049848355,0.17734002
794,723-L,stress,M,11,241205,268,0.026011843,0.22324872,0.10967827,0.31737983,0.32368132
795,647-0,naive,M,2,240229,342,0.20520467,9.999999e-07,0.4657417,0.055333197,0.27371946
796,822-R,naive,F,6,250904,500,0.22168429,0.15472724,0.062239762,0.42773235,0.13361633
797,821-R,naive,M,1,250901,162,0.01857652,0.11382705,0.25133374,0.21742834,0.39883432
798,579.1-1,stress,F,12,230717,1332,0.39906672,0.2296216,0.21619485,0.15511592,9.999999e-07
799,579-2,naive,F,10,230716,542,0.030733943,0.4236981,0.28522325,0.09689018,0.1634545
800,489-2,naive,M,10,220805,308,0.20610872,0.031659767,0.07745692,0.37487698,0.30989763
801,489-3,naive,M,10,220806,239,0.0911898,0.16566041,0.28878632,0.10696329,0.34740016
802,499-1,stress,M,3,220729,644,0.1566226,0.23343973,0.24229579,0.26600373,0.101638176
803,649-L,naive,F,2,240229,331,0.0074392855,0.17380187,0.2874656,0.24667355,0.28461966
804,722-L,naive,F,14,241209,814,0.24048294,0.26516548,0.3123744,0.10435798,0.0776192
805,646-L,stress,M,3,240304,428,0.06659339,0.43404186,0.032270342,0.30093065,0.16616368
806,578.1-1,naive,F,6,230713,159,0.06274826,9.999997e-07,0.32629058,9.999997e-07,0.6109591
807,580-1,stress,M,6,230710,1001,0.08554298,0.4966614,0.22457142,0.1457725,0.047451727
808,649-0,naive,F,9,240316,264,0.043772254,0.066086344,0.14176564,0.25666803,0.4917077
809,723-0,stress,M,5,241127,162,0.17764989,0.14424744,0.14136599,0.10965265,0.42708406
810,498-3,stress,M,9,220806,465,0.10313925,0.31103885,0.198779,0.22179301,0.16524985
811,644-R,stress,M,12,240319,895,0.017067669,0.3177163,0.43067524,0.21550208,0.01903871
812,498-3,stress,M,11,220808,282,0.1002943,0.17156784,0.18031302,0.2566878,0.29113707
813,580-1,stress,M,11,230715,1343,0.101656705,0.5873134,0.19624051,0.08793444,0.026855007
814,499-2,stress,M,11,220808,903,0.17810309,0.51821405,0.09560953,0.1695423,0.038531028
815,647-0,naive,M,3,240304,613,0.23320714,2.0119594e-06,0.59001577,0.009687277,0.16708775
816,819-L,stress,M,12,250915,432,0.13622978,0.18517376,0.0830183,0.34264043,0.25293773
817,820-R,stress,F,12,250917,111,0.12693088,0.016141444,0.02846988,0.15046996,0.6779879
818,725-0,stress,M,7,241130,308,0.16050555,0.12746753,0.13125965,0.2501367,0.3306306
819,489-4,naive,M,2,220730,933,0.20035328,0.2873086,0.24504057,0.2271497,0.04014784
820,580-1,stress,M,5,230707,316,0.04697165,0.12696958,0.00022542776,0.621559,0.20427431
821,493-1,naive,F,9,220806,383,0.27197838,0.077416696,0.13987729,0.2835274,0.2272003
822,646-L,stress,M,6,240311,809,0.13034025,0.34898707,0.3211711,0.13122551,0.06827608
823,579-1,stress,F,3,230706,946,0.0462829,0.5303594,0.306477,0.025628548,0.09125217
824,579.1-1,stress,F,1,230703,989,0.1095272,0.40596825,0.23060392,0.23394233,0.019958302
825,578.1-2,naive,F,9,230716,890,0.1662492,0.39112774,0.10058426,0.314506,0.027532866
826,722-0,naive,F,4,241126,670,0.02600566,0.0753316,0.35606802,0.53914416,0.0034505823
827,728-RL,naive,M,14,241210,574,0.36299554,0.052984033,0.17792612,0.30272305,0.10337123
828,821-L,naive,M,9,250910,543,0.08063257,0.033722233,0.50583345,0.3144122,0.06539961
829,648-0,stress,F,1,240228,314,0.047408756,0.21599552,0.044474334,0.4464868,0.24563457
830,822-0,naive,F,10,250911,570,0.010960825,0.33999106,0.2505771,0.3870168,0.011454281
831,644-R,stress,M,1,240228,469,0.022002533,0.16619374,0.56171995,0.07439932,0.17568445
832,580-1,stress,M,9,230713,1307,0.10694922,0.59484035,0.158659,0.12221442,0.017336998
833,647-0,naive,M,7,240312,610,0.21199696,0.017995352,0.55514914,0.062994756,0.15186375
834,498-1,stress,M,7,220803,719,0.26981464,0.30377552,0.22835012,0.10791869,0.090141065
835,645-0,naive,M,3,240304,508,0.10986887,0.49482238,0.1412533,0.12930237,0.12475311
836,645-R,naive,M,13,240320,1619,0.20364313,0.49796885,0.14793113,0.15045586,9.999995e-07
837,725-L,stress,F,9,241204,581,0.08593157,0.43815094,0.20824991,0.13849479,0.12917279
838,648-0,stress,F,13,240320,198,0.032959864,9.999999e-07,0.1950371,0.31238165,0.45962045
839,644-0,naive,M,10,240318,537,0.2652933,0.2501432,0.09880114,0.18823315,0.19752917
840,491-2,naive,F,2,220728,315,0.08423578,0.07121706,0.3377691,0.22152285,0.28525528
841,489-4,naive,M,3,220801,159,0.18297951,0.12830137,0.10416161,2.2936108e-06,0.5845552
842,821-R,naive,M,2,250902,133,0.026308896,0.15968908,0.39255694,9.999998e-07,0.42144406
843,648-L,stress,F,6,240311,441,0.09209416,0.15650341,0.11767327,0.48510873,0.14862041
844,646-L,stress,M,10,240317,368,0.098118514,0.05430983,0.020877993,0.6838755,0.14281814
845,491-1,naive,F,12,220809,254,0.110146224,0.30277005,0.081123695,0.041874334,0.46408567
846,645-0,naive,M,12,240319,340,0.097866766,0.14713539,0.105007276,0.4837981,0.16619247
847,648-L,stress,F,11,240318,581,8.777793e-06,0.3980297,0.03642405,0.54685104,0.018686416
848,579-2,naive,F,1,230704,880,0.009537012,0.54582447,0.244553,0.12717345,0.072911985
849,578-1,stress,F,11,230715,929,0.02315076,0.7527975,0.122782394,0.0001367886,0.10113255
850,498-1,stress,M,10,220806,557,0.3503382,0.28424025,0.15330675,0.07193243,0.14018236
851,822-L,naive,F,12,250915,302,9.999993e-07,0.16207285,0.15234016,0.36185458,0.32373136
852,723-R,stress,M,9,241203,713,0.103255674,9.999999e-07,0.66180944,0.2059867,0.028947225
853,499-2,stress,M,12,220809,1173,0.08805188,0.5814121,0.15033583,0.16977736,0.010422873
854,648-R,stress,F,8,240313,579,0.007936865,0.06599721,0.48993516,0.3911247,0.04500607
855,648-0,stress,F,2,240229,396,0.022960532,0.3044529,0.06698033,0.48303857,0.12256759
856,723-0,stress,M,12,241207,534,0.11668311,0.118040755,0.23374765,0.45973247,0.071796015
857,820-0,stress,F,4,250902,254,0.088642985,0.20301683,0.22466582,0.21919405,0.26448032
858,489-1,naive,M,6,220804,662,0.14714774,0.34603286,0.14417513,0.2738183,0.08882596
859,820-0,stress,F,13,250915,277,0.044999387,0.13147816,0.25959465,0.12538908,0.43853873
860,578-1,stress,F,10,230714,1157,0.0066659106,0.7612407,0.14977784,0.02061915,0.061696403
861,493-2,naive,F,8,220806,230,0.22169706,0.0025266157,0.016133644,0.17988984,0.57975286
862,722-0,naive,F,5,241127,1083,0.032461964,0.14119643,0.69183975,0.13443694,6.488992e-05
863,820-R,stress,F,9,250912,120,0.10719798,0.00090657757,0.061826937,0.029876254,0.80019224
864,822-R,naive,F,11,250911,507,0.21676528,0.03276173,0.1517088,0.50864595,0.09011826
